[INFO] Scanning for projects...
[INFO] 
[INFO] --------------------< com.sayrain:medical-booking >---------------------
[INFO] Building medical-booking 0.0.1-SNAPSHOT
[INFO]   from pom.xml
[INFO] --------------------------------[ jar ]---------------------------------
[INFO] 
[INFO] >>> spring-boot:3.3.5:run (default-cli) > test-compile @ medical-booking >>>
[INFO] 
[INFO] --- resources:3.3.1:resources (default-resources) @ medical-booking ---
[INFO] Copying 27 resources from src/main/resources to target/classes
[INFO] 
[INFO] --- compiler:3.8.1:compile (default-compile) @ medical-booking ---
[INFO] Changes detected - recompiling the module!
[INFO] Compiling 87 source files to /Users/xiemingjun/sayrainIt/medical-booking-test/target/classes
[INFO] /Users/xiemingjun/sayrainIt/medical-booking-test/src/main/java/com/sayrain/medicalbooking/util/CacheMonitor.java: /Users/xiemingjun/sayrainIt/medical-booking-test/src/main/java/com/sayrain/medicalbooking/util/CacheMonitor.java使用或覆盖了已过时的 API。
[INFO] /Users/xiemingjun/sayrainIt/medical-booking-test/src/main/java/com/sayrain/medicalbooking/util/CacheMonitor.java: 有关详细信息, 请使用 -Xlint:deprecation 重新编译。
[INFO] 
[INFO] --- resources:3.3.1:testResources (default-testResources) @ medical-booking ---
[INFO] Copying 1 resource from src/test/resources to target/test-classes
[INFO] 
[INFO] --- compiler:3.8.1:testCompile (default-testCompile) @ medical-booking ---
[INFO] Changes detected - recompiling the module!
[INFO] Compiling 7 source files to /Users/xiemingjun/sayrainIt/medical-booking-test/target/test-classes
[INFO] 
[INFO] <<< spring-boot:3.3.5:run (default-cli) < test-compile @ medical-booking <<<
[INFO] 
[INFO] 
[INFO] --- spring-boot:3.3.5:run (default-cli) @ medical-booking ---
[INFO] Attaching agents: []
2025-12-11T23:19:55.874+08:00  INFO 61678 --- [medical-booking-system] [  restartedMain] .e.DevToolsPropertyDefaultsPostProcessor : Devtools property defaults active! Set 'spring.devtools.add-properties' to 'false' to disable

  .   ____          _            __ _ _
 /\\ / ___'_ __ _ _(_)_ __  __ _ \ \ \ \
( ( )\___ | '_ | '_| | '_ \/ _` | \ \ \ \
 \\/  ___)| |_)| | | | | || (_| |  ) ) ) )
  '  |____| .__|_| |_|_| |_\__, | / / / /
 =========|_|==============|___/=/_/_/_/

 :: Spring Boot ::                (v3.3.5)

2025-12-11 23:19:56 - c.a.c.n.c.NacosPropertySourceBuilder - get config from nacos, dataId: medical-booking-system, group: DEFAULT_GROUP
2025-12-11 23:19:56 - c.a.n.c.r.client.grpc.GrpcClient - Server check fail, please check server 127.0.0.1 ,port 9848 is available , error ={}
java.util.concurrent.ExecutionException: com.alibaba.nacos.shaded.io.grpc.StatusRuntimeException: UNAVAILABLE: io exception
	at com.alibaba.nacos.shaded.com.google.common.util.concurrent.AbstractFuture.getDoneValue(AbstractFuture.java:592) ~[nacos-client-2.3.2.jar:na]
	at com.alibaba.nacos.shaded.com.google.common.util.concurrent.AbstractFuture.get(AbstractFuture.java:467) ~[nacos-client-2.3.2.jar:na]
	at com.alibaba.nacos.common.remote.client.grpc.GrpcClient.serverCheck(GrpcClient.java:243) ~[nacos-client-2.3.2.jar:na]
	at com.alibaba.nacos.common.remote.client.grpc.GrpcClient.connectToServer(GrpcClient.java:367) ~[nacos-client-2.3.2.jar:na]
	at com.alibaba.nacos.common.remote.client.RpcClient.start(RpcClient.java:349) ~[nacos-client-2.3.2.jar:na]
	at com.alibaba.nacos.client.config.impl.ClientWorker$ConfigRpcTransportClient.ensureRpcClient(ClientWorker.java:1100) ~[nacos-client-2.3.2.jar:na]
	at com.alibaba.nacos.client.config.impl.ClientWorker$ConfigRpcTransportClient.getOneRunningClient(ClientWorker.java:1248) ~[nacos-client-2.3.2.jar:na]
	at com.alibaba.nacos.client.config.impl.ClientWorker$ConfigRpcTransportClient.queryConfig(ClientWorker.java:1146) ~[nacos-client-2.3.2.jar:na]
	at com.alibaba.nacos.client.config.impl.ClientWorker.getServerConfig(ClientWorker.java:472) ~[nacos-client-2.3.2.jar:na]
	at com.alibaba.nacos.client.config.NacosConfigService.getConfigInner(NacosConfigService.java:188) ~[nacos-client-2.3.2.jar:na]
	at com.alibaba.nacos.client.config.NacosConfigService.getConfig(NacosConfigService.java:99) ~[nacos-client-2.3.2.jar:na]
	at com.alibaba.cloud.nacos.client.NacosPropertySourceBuilder.loadNacosData(NacosPropertySourceBuilder.java:89) ~[spring-cloud-starter-alibaba-nacos-config-2023.0.1.2.jar:2023.0.1.2]
	at com.alibaba.cloud.nacos.client.NacosPropertySourceBuilder.build(NacosPropertySourceBuilder.java:74) ~[spring-cloud-starter-alibaba-nacos-config-2023.0.1.2.jar:2023.0.1.2]
	at com.alibaba.cloud.nacos.client.NacosPropertySourceLocator.loadNacosPropertySource(NacosPropertySourceLocator.java:199) ~[spring-cloud-starter-alibaba-nacos-config-2023.0.1.2.jar:2023.0.1.2]
	at com.alibaba.cloud.nacos.client.NacosPropertySourceLocator.loadNacosDataIfPresent(NacosPropertySourceLocator.java:186) ~[spring-cloud-starter-alibaba-nacos-config-2023.0.1.2.jar:2023.0.1.2]
	at com.alibaba.cloud.nacos.client.NacosPropertySourceLocator.loadApplicationConfiguration(NacosPropertySourceLocator.java:141) ~[spring-cloud-starter-alibaba-nacos-config-2023.0.1.2.jar:2023.0.1.2]
	at com.alibaba.cloud.nacos.client.NacosPropertySourceLocator.locate(NacosPropertySourceLocator.java:103) ~[spring-cloud-starter-alibaba-nacos-config-2023.0.1.2.jar:2023.0.1.2]
	at org.springframework.cloud.bootstrap.config.PropertySourceLocator.locateCollection(PropertySourceLocator.java:50) ~[spring-cloud-context-4.1.5.jar:4.1.5]
	at org.springframework.cloud.bootstrap.config.PropertySourceLocator.locateCollection(PropertySourceLocator.java:46) ~[spring-cloud-context-4.1.5.jar:4.1.5]
	at org.springframework.cloud.bootstrap.config.PropertySourceBootstrapConfiguration.doInitialize(PropertySourceBootstrapConfiguration.java:121) ~[spring-cloud-context-4.1.5.jar:4.1.5]
	at org.springframework.cloud.bootstrap.config.PropertySourceBootstrapConfiguration.initialize(PropertySourceBootstrapConfiguration.java:111) ~[spring-cloud-context-4.1.5.jar:4.1.5]
	at org.springframework.boot.SpringApplication.applyInitializers(SpringApplication.java:627) ~[spring-boot-3.3.5.jar:3.3.5]
	at org.springframework.boot.SpringApplication.prepareContext(SpringApplication.java:401) ~[spring-boot-3.3.5.jar:3.3.5]
	at org.springframework.boot.SpringApplication.run(SpringApplication.java:334) ~[spring-boot-3.3.5.jar:3.3.5]
	at org.springframework.boot.SpringApplication.run(SpringApplication.java:1363) ~[spring-boot-3.3.5.jar:3.3.5]
	at org.springframework.boot.SpringApplication.run(SpringApplication.java:1352) ~[spring-boot-3.3.5.jar:3.3.5]
	at com.sayrain.medicalbooking.MedicalBookingApplication.main(MedicalBookingApplication.java:10) ~[classes/:na]
	at java.base/jdk.internal.reflect.NativeMethodAccessorImpl.invoke0(Native Method) ~[na:na]
	at java.base/jdk.internal.reflect.NativeMethodAccessorImpl.invoke(NativeMethodAccessorImpl.java:77) ~[na:na]
	at java.base/jdk.internal.reflect.DelegatingMethodAccessorImpl.invoke(DelegatingMethodAccessorImpl.java:43) ~[na:na]
	at java.base/java.lang.reflect.Method.invoke(Method.java:568) ~[na:na]
	at org.springframework.boot.devtools.restart.RestartLauncher.run(RestartLauncher.java:50) ~[spring-boot-devtools-3.3.5.jar:3.3.5]
Caused by: com.alibaba.nacos.shaded.io.grpc.StatusRuntimeException: UNAVAILABLE: io exception
	at com.alibaba.nacos.shaded.io.grpc.Status.asRuntimeException(Status.java:537) ~[nacos-client-2.3.2.jar:na]
	at com.alibaba.nacos.shaded.io.grpc.stub.ClientCalls$UnaryStreamToFuture.onClose(ClientCalls.java:548) ~[nacos-client-2.3.2.jar:na]
	at com.alibaba.nacos.shaded.io.grpc.internal.DelayedClientCall$DelayedListener$3.run(DelayedClientCall.java:489) ~[nacos-client-2.3.2.jar:na]
	at com.alibaba.nacos.shaded.io.grpc.internal.DelayedClientCall$DelayedListener.delayOrExecute(DelayedClientCall.java:453) ~[nacos-client-2.3.2.jar:na]
	at com.alibaba.nacos.shaded.io.grpc.internal.DelayedClientCall$DelayedListener.onClose(DelayedClientCall.java:486) ~[nacos-client-2.3.2.jar:na]
	at com.alibaba.nacos.shaded.io.grpc.internal.ClientCallImpl.closeObserver(ClientCallImpl.java:567) ~[nacos-client-2.3.2.jar:na]
	at com.alibaba.nacos.shaded.io.grpc.internal.ClientCallImpl.access$300(ClientCallImpl.java:71) ~[nacos-client-2.3.2.jar:na]
	at com.alibaba.nacos.shaded.io.grpc.internal.ClientCallImpl$ClientStreamListenerImpl$1StreamClosed.runInternal(ClientCallImpl.java:735) ~[nacos-client-2.3.2.jar:na]
	at com.alibaba.nacos.shaded.io.grpc.internal.ClientCallImpl$ClientStreamListenerImpl$1StreamClosed.runInContext(ClientCallImpl.java:716) ~[nacos-client-2.3.2.jar:na]
	at com.alibaba.nacos.shaded.io.grpc.internal.ContextRunnable.run(ContextRunnable.java:37) ~[nacos-client-2.3.2.jar:na]
	at com.alibaba.nacos.shaded.io.grpc.internal.SerializingExecutor.run(SerializingExecutor.java:133) ~[nacos-client-2.3.2.jar:na]
	at java.base/java.util.concurrent.ThreadPoolExecutor.runWorker(ThreadPoolExecutor.java:1136) ~[na:na]
	at java.base/java.util.concurrent.ThreadPoolExecutor$Worker.run(ThreadPoolExecutor.java:635) ~[na:na]
	at java.base/java.lang.Thread.run(Thread.java:833) ~[na:na]
Caused by: com.alibaba.nacos.shaded.io.grpc.netty.shaded.io.netty.channel.AbstractChannel$AnnotatedSocketException: Operation not permitted: /127.0.0.1:9848
Caused by: java.net.SocketException: Operation not permitted
	at java.base/sun.nio.ch.Net.connect0(Native Method) ~[na:na]
	at java.base/sun.nio.ch.Net.connect(Net.java:579) ~[na:na]
	at java.base/sun.nio.ch.Net.connect(Net.java:586) ~[na:na]
	at java.base/sun.nio.ch.SocketChannelImpl.connect(SocketChannelImpl.java:853) ~[na:na]
	at com.alibaba.nacos.shaded.io.grpc.netty.shaded.io.netty.util.internal.SocketUtils$3.run(SocketUtils.java:91) ~[nacos-client-2.3.2.jar:na]
	at com.alibaba.nacos.shaded.io.grpc.netty.shaded.io.netty.util.internal.SocketUtils$3.run(SocketUtils.java:88) ~[nacos-client-2.3.2.jar:na]
	at java.base/java.security.AccessController.doPrivileged(AccessController.java:569) ~[na:na]
	at com.alibaba.nacos.shaded.io.grpc.netty.shaded.io.netty.util.internal.SocketUtils.connect(SocketUtils.java:88) ~[nacos-client-2.3.2.jar:na]
	at com.alibaba.nacos.shaded.io.grpc.netty.shaded.io.netty.channel.socket.nio.NioSocketChannel.doConnect(NioSocketChannel.java:322) ~[nacos-client-2.3.2.jar:na]
	at com.alibaba.nacos.shaded.io.grpc.netty.shaded.io.netty.channel.nio.AbstractNioChannel$AbstractNioUnsafe.connect(AbstractNioChannel.java:248) ~[nacos-client-2.3.2.jar:na]
	at com.alibaba.nacos.shaded.io.grpc.netty.shaded.io.netty.channel.DefaultChannelPipeline$HeadContext.connect(DefaultChannelPipeline.java:1342) ~[nacos-client-2.3.2.jar:na]
	at com.alibaba.nacos.shaded.io.grpc.netty.shaded.io.netty.channel.AbstractChannelHandlerContext.invokeConnect(AbstractChannelHandlerContext.java:653) ~[nacos-client-2.3.2.jar:na]
	at com.alibaba.nacos.shaded.io.grpc.netty.shaded.io.netty.channel.AbstractChannelHandlerContext.connect(AbstractChannelHandlerContext.java:632) ~[nacos-client-2.3.2.jar:na]
	at com.alibaba.nacos.shaded.io.grpc.netty.shaded.io.netty.channel.ChannelDuplexHandler.connect(ChannelDuplexHandler.java:54) ~[nacos-client-2.3.2.jar:na]
	at com.alibaba.nacos.shaded.io.grpc.netty.shaded.io.grpc.netty.WriteBufferingAndExceptionHandler.connect(WriteBufferingAndExceptionHandler.java:157) ~[nacos-client-2.3.2.jar:na]
	at com.alibaba.nacos.shaded.io.grpc.netty.shaded.io.netty.channel.AbstractChannelHandlerContext.invokeConnect(AbstractChannelHandlerContext.java:655) ~[nacos-client-2.3.2.jar:na]
	at com.alibaba.nacos.shaded.io.grpc.netty.shaded.io.netty.channel.AbstractChannelHandlerContext.access$1000(AbstractChannelHandlerContext.java:61) ~[nacos-client-2.3.2.jar:na]
	at com.alibaba.nacos.shaded.io.grpc.netty.shaded.io.netty.channel.AbstractChannelHandlerContext$9.run(AbstractChannelHandlerContext.java:637) ~[nacos-client-2.3.2.jar:na]
	at com.alibaba.nacos.shaded.io.grpc.netty.shaded.io.netty.util.concurrent.AbstractEventExecutor.runTask(AbstractEventExecutor.java:174) ~[nacos-client-2.3.2.jar:na]
	at com.alibaba.nacos.shaded.io.grpc.netty.shaded.io.netty.util.concurrent.AbstractEventExecutor.safeExecute(AbstractEventExecutor.java:167) ~[nacos-client-2.3.2.jar:na]
	at com.alibaba.nacos.shaded.io.grpc.netty.shaded.io.netty.util.concurrent.SingleThreadEventExecutor.runAllTasks(SingleThreadEventExecutor.java:470) ~[nacos-client-2.3.2.jar:na]
	at com.alibaba.nacos.shaded.io.grpc.netty.shaded.io.netty.channel.nio.NioEventLoop.run(NioEventLoop.java:569) ~[nacos-client-2.3.2.jar:na]
	at com.alibaba.nacos.shaded.io.grpc.netty.shaded.io.netty.util.concurrent.SingleThreadEventExecutor$4.run(SingleThreadEventExecutor.java:997) ~[nacos-client-2.3.2.jar:na]
	at com.alibaba.nacos.shaded.io.grpc.netty.shaded.io.netty.util.internal.ThreadExecutorMap$2.run(ThreadExecutorMap.java:74) ~[nacos-client-2.3.2.jar:na]
	at com.alibaba.nacos.shaded.io.grpc.netty.shaded.io.netty.util.concurrent.FastThreadLocalRunnable.run(FastThreadLocalRunnable.java:30) ~[nacos-client-2.3.2.jar:na]
	at java.base/java.lang.Thread.run(Thread.java:833) ~[na:na]
2025-12-11 23:19:56 - c.a.n.c.r.client.grpc.GrpcClient - Server check fail, please check server 127.0.0.1 ,port 9848 is available , error ={}
java.util.concurrent.ExecutionException: com.alibaba.nacos.shaded.io.grpc.StatusRuntimeException: UNAVAILABLE: io exception
	at com.alibaba.nacos.shaded.com.google.common.util.concurrent.AbstractFuture.getDoneValue(AbstractFuture.java:592) ~[nacos-client-2.3.2.jar:na]
	at com.alibaba.nacos.shaded.com.google.common.util.concurrent.AbstractFuture.get(AbstractFuture.java:467) ~[nacos-client-2.3.2.jar:na]
	at com.alibaba.nacos.common.remote.client.grpc.GrpcClient.serverCheck(GrpcClient.java:243) ~[nacos-client-2.3.2.jar:na]
	at com.alibaba.nacos.common.remote.client.grpc.GrpcClient.connectToServer(GrpcClient.java:367) ~[nacos-client-2.3.2.jar:na]
	at com.alibaba.nacos.common.remote.client.RpcClient.start(RpcClient.java:349) ~[nacos-client-2.3.2.jar:na]
	at com.alibaba.nacos.client.config.impl.ClientWorker$ConfigRpcTransportClient.ensureRpcClient(ClientWorker.java:1100) ~[nacos-client-2.3.2.jar:na]
	at com.alibaba.nacos.client.config.impl.ClientWorker$ConfigRpcTransportClient.getOneRunningClient(ClientWorker.java:1248) ~[nacos-client-2.3.2.jar:na]
	at com.alibaba.nacos.client.config.impl.ClientWorker$ConfigRpcTransportClient.queryConfig(ClientWorker.java:1146) ~[nacos-client-2.3.2.jar:na]
	at com.alibaba.nacos.client.config.impl.ClientWorker.getServerConfig(ClientWorker.java:472) ~[nacos-client-2.3.2.jar:na]
	at com.alibaba.nacos.client.config.NacosConfigService.getConfigInner(NacosConfigService.java:188) ~[nacos-client-2.3.2.jar:na]
	at com.alibaba.nacos.client.config.NacosConfigService.getConfig(NacosConfigService.java:99) ~[nacos-client-2.3.2.jar:na]
	at com.alibaba.cloud.nacos.client.NacosPropertySourceBuilder.loadNacosData(NacosPropertySourceBuilder.java:89) ~[spring-cloud-starter-alibaba-nacos-config-2023.0.1.2.jar:2023.0.1.2]
	at com.alibaba.cloud.nacos.client.NacosPropertySourceBuilder.build(NacosPropertySourceBuilder.java:74) ~[spring-cloud-starter-alibaba-nacos-config-2023.0.1.2.jar:2023.0.1.2]
	at com.alibaba.cloud.nacos.client.NacosPropertySourceLocator.loadNacosPropertySource(NacosPropertySourceLocator.java:199) ~[spring-cloud-starter-alibaba-nacos-config-2023.0.1.2.jar:2023.0.1.2]
	at com.alibaba.cloud.nacos.client.NacosPropertySourceLocator.loadNacosDataIfPresent(NacosPropertySourceLocator.java:186) ~[spring-cloud-starter-alibaba-nacos-config-2023.0.1.2.jar:2023.0.1.2]
	at com.alibaba.cloud.nacos.client.NacosPropertySourceLocator.loadApplicationConfiguration(NacosPropertySourceLocator.java:141) ~[spring-cloud-starter-alibaba-nacos-config-2023.0.1.2.jar:2023.0.1.2]
	at com.alibaba.cloud.nacos.client.NacosPropertySourceLocator.locate(NacosPropertySourceLocator.java:103) ~[spring-cloud-starter-alibaba-nacos-config-2023.0.1.2.jar:2023.0.1.2]
	at org.springframework.cloud.bootstrap.config.PropertySourceLocator.locateCollection(PropertySourceLocator.java:50) ~[spring-cloud-context-4.1.5.jar:4.1.5]
	at org.springframework.cloud.bootstrap.config.PropertySourceLocator.locateCollection(PropertySourceLocator.java:46) ~[spring-cloud-context-4.1.5.jar:4.1.5]
	at org.springframework.cloud.bootstrap.config.PropertySourceBootstrapConfiguration.doInitialize(PropertySourceBootstrapConfiguration.java:121) ~[spring-cloud-context-4.1.5.jar:4.1.5]
	at org.springframework.cloud.bootstrap.config.PropertySourceBootstrapConfiguration.initialize(PropertySourceBootstrapConfiguration.java:111) ~[spring-cloud-context-4.1.5.jar:4.1.5]
	at org.springframework.boot.SpringApplication.applyInitializers(SpringApplication.java:627) ~[spring-boot-3.3.5.jar:3.3.5]
	at org.springframework.boot.SpringApplication.prepareContext(SpringApplication.java:401) ~[spring-boot-3.3.5.jar:3.3.5]
	at org.springframework.boot.SpringApplication.run(SpringApplication.java:334) ~[spring-boot-3.3.5.jar:3.3.5]
	at org.springframework.boot.SpringApplication.run(SpringApplication.java:1363) ~[spring-boot-3.3.5.jar:3.3.5]
	at org.springframework.boot.SpringApplication.run(SpringApplication.java:1352) ~[spring-boot-3.3.5.jar:3.3.5]
	at com.sayrain.medicalbooking.MedicalBookingApplication.main(MedicalBookingApplication.java:10) ~[classes/:na]
	at java.base/jdk.internal.reflect.NativeMethodAccessorImpl.invoke0(Native Method) ~[na:na]
	at java.base/jdk.internal.reflect.NativeMethodAccessorImpl.invoke(NativeMethodAccessorImpl.java:77) ~[na:na]
	at java.base/jdk.internal.reflect.DelegatingMethodAccessorImpl.invoke(DelegatingMethodAccessorImpl.java:43) ~[na:na]
	at java.base/java.lang.reflect.Method.invoke(Method.java:568) ~[na:na]
	at org.springframework.boot.devtools.restart.RestartLauncher.run(RestartLauncher.java:50) ~[spring-boot-devtools-3.3.5.jar:3.3.5]
Caused by: com.alibaba.nacos.shaded.io.grpc.StatusRuntimeException: UNAVAILABLE: io exception
	at com.alibaba.nacos.shaded.io.grpc.Status.asRuntimeException(Status.java:537) ~[nacos-client-2.3.2.jar:na]
	at com.alibaba.nacos.shaded.io.grpc.stub.ClientCalls$UnaryStreamToFuture.onClose(ClientCalls.java:548) ~[nacos-client-2.3.2.jar:na]
	at com.alibaba.nacos.shaded.io.grpc.internal.DelayedClientCall$DelayedListener$3.run(DelayedClientCall.java:489) ~[nacos-client-2.3.2.jar:na]
	at com.alibaba.nacos.shaded.io.grpc.internal.DelayedClientCall$DelayedListener.delayOrExecute(DelayedClientCall.java:453) ~[nacos-client-2.3.2.jar:na]
	at com.alibaba.nacos.shaded.io.grpc.internal.DelayedClientCall$DelayedListener.onClose(DelayedClientCall.java:486) ~[nacos-client-2.3.2.jar:na]
	at com.alibaba.nacos.shaded.io.grpc.internal.ClientCallImpl.closeObserver(ClientCallImpl.java:567) ~[nacos-client-2.3.2.jar:na]
	at com.alibaba.nacos.shaded.io.grpc.internal.ClientCallImpl.access$300(ClientCallImpl.java:71) ~[nacos-client-2.3.2.jar:na]
	at com.alibaba.nacos.shaded.io.grpc.internal.ClientCallImpl$ClientStreamListenerImpl$1StreamClosed.runInternal(ClientCallImpl.java:735) ~[nacos-client-2.3.2.jar:na]
	at com.alibaba.nacos.shaded.io.grpc.internal.ClientCallImpl$ClientStreamListenerImpl$1StreamClosed.runInContext(ClientCallImpl.java:716) ~[nacos-client-2.3.2.jar:na]
	at com.alibaba.nacos.shaded.io.grpc.internal.ContextRunnable.run(ContextRunnable.java:37) ~[nacos-client-2.3.2.jar:na]
	at com.alibaba.nacos.shaded.io.grpc.internal.SerializingExecutor.run(SerializingExecutor.java:133) ~[nacos-client-2.3.2.jar:na]
	at java.base/java.util.concurrent.ThreadPoolExecutor.runWorker(ThreadPoolExecutor.java:1136) ~[na:na]
	at java.base/java.util.concurrent.ThreadPoolExecutor$Worker.run(ThreadPoolExecutor.java:635) ~[na:na]
	at java.base/java.lang.Thread.run(Thread.java:833) ~[na:na]
Caused by: com.alibaba.nacos.shaded.io.grpc.netty.shaded.io.netty.channel.AbstractChannel$AnnotatedSocketException: Operation not permitted: /127.0.0.1:9848
Caused by: java.net.SocketException: Operation not permitted
	at java.base/sun.nio.ch.Net.connect0(Native Method) ~[na:na]
	at java.base/sun.nio.ch.Net.connect(Net.java:579) ~[na:na]
	at java.base/sun.nio.ch.Net.connect(Net.java:586) ~[na:na]
	at java.base/sun.nio.ch.SocketChannelImpl.connect(SocketChannelImpl.java:853) ~[na:na]
	at com.alibaba.nacos.shaded.io.grpc.netty.shaded.io.netty.util.internal.SocketUtils$3.run(SocketUtils.java:91) ~[nacos-client-2.3.2.jar:na]
	at com.alibaba.nacos.shaded.io.grpc.netty.shaded.io.netty.util.internal.SocketUtils$3.run(SocketUtils.java:88) ~[nacos-client-2.3.2.jar:na]
	at java.base/java.security.AccessController.doPrivileged(AccessController.java:569) ~[na:na]
	at com.alibaba.nacos.shaded.io.grpc.netty.shaded.io.netty.util.internal.SocketUtils.connect(SocketUtils.java:88) ~[nacos-client-2.3.2.jar:na]
	at com.alibaba.nacos.shaded.io.grpc.netty.shaded.io.netty.channel.socket.nio.NioSocketChannel.doConnect(NioSocketChannel.java:322) ~[nacos-client-2.3.2.jar:na]
	at com.alibaba.nacos.shaded.io.grpc.netty.shaded.io.netty.channel.nio.AbstractNioChannel$AbstractNioUnsafe.connect(AbstractNioChannel.java:248) ~[nacos-client-2.3.2.jar:na]
	at com.alibaba.nacos.shaded.io.grpc.netty.shaded.io.netty.channel.DefaultChannelPipeline$HeadContext.connect(DefaultChannelPipeline.java:1342) ~[nacos-client-2.3.2.jar:na]
	at com.alibaba.nacos.shaded.io.grpc.netty.shaded.io.netty.channel.AbstractChannelHandlerContext.invokeConnect(AbstractChannelHandlerContext.java:653) ~[nacos-client-2.3.2.jar:na]
	at com.alibaba.nacos.shaded.io.grpc.netty.shaded.io.netty.channel.AbstractChannelHandlerContext.connect(AbstractChannelHandlerContext.java:632) ~[nacos-client-2.3.2.jar:na]
	at com.alibaba.nacos.shaded.io.grpc.netty.shaded.io.netty.channel.ChannelDuplexHandler.connect(ChannelDuplexHandler.java:54) ~[nacos-client-2.3.2.jar:na]
	at com.alibaba.nacos.shaded.io.grpc.netty.shaded.io.grpc.netty.WriteBufferingAndExceptionHandler.connect(WriteBufferingAndExceptionHandler.java:157) ~[nacos-client-2.3.2.jar:na]
	at com.alibaba.nacos.shaded.io.grpc.netty.shaded.io.netty.channel.AbstractChannelHandlerContext.invokeConnect(AbstractChannelHandlerContext.java:655) ~[nacos-client-2.3.2.jar:na]
	at com.alibaba.nacos.shaded.io.grpc.netty.shaded.io.netty.channel.AbstractChannelHandlerContext.access$1000(AbstractChannelHandlerContext.java:61) ~[nacos-client-2.3.2.jar:na]
	at com.alibaba.nacos.shaded.io.grpc.netty.shaded.io.netty.channel.AbstractChannelHandlerContext$9.run(AbstractChannelHandlerContext.java:637) ~[nacos-client-2.3.2.jar:na]
	at com.alibaba.nacos.shaded.io.grpc.netty.shaded.io.netty.util.concurrent.AbstractEventExecutor.runTask(AbstractEventExecutor.java:174) ~[nacos-client-2.3.2.jar:na]
	at com.alibaba.nacos.shaded.io.grpc.netty.shaded.io.netty.util.concurrent.AbstractEventExecutor.safeExecute(AbstractEventExecutor.java:167) ~[nacos-client-2.3.2.jar:na]
	at com.alibaba.nacos.shaded.io.grpc.netty.shaded.io.netty.util.concurrent.SingleThreadEventExecutor.runAllTasks(SingleThreadEventExecutor.java:470) ~[nacos-client-2.3.2.jar:na]
	at com.alibaba.nacos.shaded.io.grpc.netty.shaded.io.netty.channel.nio.NioEventLoop.run(NioEventLoop.java:569) ~[nacos-client-2.3.2.jar:na]
	at com.alibaba.nacos.shaded.io.grpc.netty.shaded.io.netty.util.concurrent.SingleThreadEventExecutor$4.run(SingleThreadEventExecutor.java:997) ~[nacos-client-2.3.2.jar:na]
	at com.alibaba.nacos.shaded.io.grpc.netty.shaded.io.netty.util.internal.ThreadExecutorMap$2.run(ThreadExecutorMap.java:74) ~[nacos-client-2.3.2.jar:na]
	at com.alibaba.nacos.shaded.io.grpc.netty.shaded.io.netty.util.concurrent.FastThreadLocalRunnable.run(FastThreadLocalRunnable.java:30) ~[nacos-client-2.3.2.jar:na]
	at java.base/java.lang.Thread.run(Thread.java:833) ~[na:na]
2025-12-11 23:19:56 - c.a.n.c.r.client.grpc.GrpcClient - Server check fail, please check server 127.0.0.1 ,port 9848 is available , error ={}
java.util.concurrent.ExecutionException: com.alibaba.nacos.shaded.io.grpc.StatusRuntimeException: UNAVAILABLE: io exception
	at com.alibaba.nacos.shaded.com.google.common.util.concurrent.AbstractFuture.getDoneValue(AbstractFuture.java:592) ~[nacos-client-2.3.2.jar:na]
	at com.alibaba.nacos.shaded.com.google.common.util.concurrent.AbstractFuture.get(AbstractFuture.java:467) ~[nacos-client-2.3.2.jar:na]
	at com.alibaba.nacos.common.remote.client.grpc.GrpcClient.serverCheck(GrpcClient.java:243) ~[nacos-client-2.3.2.jar:na]
	at com.alibaba.nacos.common.remote.client.grpc.GrpcClient.connectToServer(GrpcClient.java:367) ~[nacos-client-2.3.2.jar:na]
	at com.alibaba.nacos.common.remote.client.RpcClient.start(RpcClient.java:349) ~[nacos-client-2.3.2.jar:na]
	at com.alibaba.nacos.client.config.impl.ClientWorker$ConfigRpcTransportClient.ensureRpcClient(ClientWorker.java:1100) ~[nacos-client-2.3.2.jar:na]
	at com.alibaba.nacos.client.config.impl.ClientWorker$ConfigRpcTransportClient.getOneRunningClient(ClientWorker.java:1248) ~[nacos-client-2.3.2.jar:na]
	at com.alibaba.nacos.client.config.impl.ClientWorker$ConfigRpcTransportClient.queryConfig(ClientWorker.java:1146) ~[nacos-client-2.3.2.jar:na]
	at com.alibaba.nacos.client.config.impl.ClientWorker.getServerConfig(ClientWorker.java:472) ~[nacos-client-2.3.2.jar:na]
	at com.alibaba.nacos.client.config.NacosConfigService.getConfigInner(NacosConfigService.java:188) ~[nacos-client-2.3.2.jar:na]
	at com.alibaba.nacos.client.config.NacosConfigService.getConfig(NacosConfigService.java:99) ~[nacos-client-2.3.2.jar:na]
	at com.alibaba.cloud.nacos.client.NacosPropertySourceBuilder.loadNacosData(NacosPropertySourceBuilder.java:89) ~[spring-cloud-starter-alibaba-nacos-config-2023.0.1.2.jar:2023.0.1.2]
	at com.alibaba.cloud.nacos.client.NacosPropertySourceBuilder.build(NacosPropertySourceBuilder.java:74) ~[spring-cloud-starter-alibaba-nacos-config-2023.0.1.2.jar:2023.0.1.2]
	at com.alibaba.cloud.nacos.client.NacosPropertySourceLocator.loadNacosPropertySource(NacosPropertySourceLocator.java:199) ~[spring-cloud-starter-alibaba-nacos-config-2023.0.1.2.jar:2023.0.1.2]
	at com.alibaba.cloud.nacos.client.NacosPropertySourceLocator.loadNacosDataIfPresent(NacosPropertySourceLocator.java:186) ~[spring-cloud-starter-alibaba-nacos-config-2023.0.1.2.jar:2023.0.1.2]
	at com.alibaba.cloud.nacos.client.NacosPropertySourceLocator.loadApplicationConfiguration(NacosPropertySourceLocator.java:141) ~[spring-cloud-starter-alibaba-nacos-config-2023.0.1.2.jar:2023.0.1.2]
	at com.alibaba.cloud.nacos.client.NacosPropertySourceLocator.locate(NacosPropertySourceLocator.java:103) ~[spring-cloud-starter-alibaba-nacos-config-2023.0.1.2.jar:2023.0.1.2]
	at org.springframework.cloud.bootstrap.config.PropertySourceLocator.locateCollection(PropertySourceLocator.java:50) ~[spring-cloud-context-4.1.5.jar:4.1.5]
	at org.springframework.cloud.bootstrap.config.PropertySourceLocator.locateCollection(PropertySourceLocator.java:46) ~[spring-cloud-context-4.1.5.jar:4.1.5]
	at org.springframework.cloud.bootstrap.config.PropertySourceBootstrapConfiguration.doInitialize(PropertySourceBootstrapConfiguration.java:121) ~[spring-cloud-context-4.1.5.jar:4.1.5]
	at org.springframework.cloud.bootstrap.config.PropertySourceBootstrapConfiguration.initialize(PropertySourceBootstrapConfiguration.java:111) ~[spring-cloud-context-4.1.5.jar:4.1.5]
	at org.springframework.boot.SpringApplication.applyInitializers(SpringApplication.java:627) ~[spring-boot-3.3.5.jar:3.3.5]
	at org.springframework.boot.SpringApplication.prepareContext(SpringApplication.java:401) ~[spring-boot-3.3.5.jar:3.3.5]
	at org.springframework.boot.SpringApplication.run(SpringApplication.java:334) ~[spring-boot-3.3.5.jar:3.3.5]
	at org.springframework.boot.SpringApplication.run(SpringApplication.java:1363) ~[spring-boot-3.3.5.jar:3.3.5]
	at org.springframework.boot.SpringApplication.run(SpringApplication.java:1352) ~[spring-boot-3.3.5.jar:3.3.5]
	at com.sayrain.medicalbooking.MedicalBookingApplication.main(MedicalBookingApplication.java:10) ~[classes/:na]
	at java.base/jdk.internal.reflect.NativeMethodAccessorImpl.invoke0(Native Method) ~[na:na]
	at java.base/jdk.internal.reflect.NativeMethodAccessorImpl.invoke(NativeMethodAccessorImpl.java:77) ~[na:na]
	at java.base/jdk.internal.reflect.DelegatingMethodAccessorImpl.invoke(DelegatingMethodAccessorImpl.java:43) ~[na:na]
	at java.base/java.lang.reflect.Method.invoke(Method.java:568) ~[na:na]
	at org.springframework.boot.devtools.restart.RestartLauncher.run(RestartLauncher.java:50) ~[spring-boot-devtools-3.3.5.jar:3.3.5]
Caused by: com.alibaba.nacos.shaded.io.grpc.StatusRuntimeException: UNAVAILABLE: io exception
	at com.alibaba.nacos.shaded.io.grpc.Status.asRuntimeException(Status.java:537) ~[nacos-client-2.3.2.jar:na]
	at com.alibaba.nacos.shaded.io.grpc.stub.ClientCalls$UnaryStreamToFuture.onClose(ClientCalls.java:548) ~[nacos-client-2.3.2.jar:na]
	at com.alibaba.nacos.shaded.io.grpc.internal.DelayedClientCall$DelayedListener$3.run(DelayedClientCall.java:489) ~[nacos-client-2.3.2.jar:na]
	at com.alibaba.nacos.shaded.io.grpc.internal.DelayedClientCall$DelayedListener.delayOrExecute(DelayedClientCall.java:453) ~[nacos-client-2.3.2.jar:na]
	at com.alibaba.nacos.shaded.io.grpc.internal.DelayedClientCall$DelayedListener.onClose(DelayedClientCall.java:486) ~[nacos-client-2.3.2.jar:na]
	at com.alibaba.nacos.shaded.io.grpc.internal.ClientCallImpl.closeObserver(ClientCallImpl.java:567) ~[nacos-client-2.3.2.jar:na]
	at com.alibaba.nacos.shaded.io.grpc.internal.ClientCallImpl.access$300(ClientCallImpl.java:71) ~[nacos-client-2.3.2.jar:na]
	at com.alibaba.nacos.shaded.io.grpc.internal.ClientCallImpl$ClientStreamListenerImpl$1StreamClosed.runInternal(ClientCallImpl.java:735) ~[nacos-client-2.3.2.jar:na]
	at com.alibaba.nacos.shaded.io.grpc.internal.ClientCallImpl$ClientStreamListenerImpl$1StreamClosed.runInContext(ClientCallImpl.java:716) ~[nacos-client-2.3.2.jar:na]
	at com.alibaba.nacos.shaded.io.grpc.internal.ContextRunnable.run(ContextRunnable.java:37) ~[nacos-client-2.3.2.jar:na]
	at com.alibaba.nacos.shaded.io.grpc.internal.SerializingExecutor.run(SerializingExecutor.java:133) ~[nacos-client-2.3.2.jar:na]
	at java.base/java.util.concurrent.ThreadPoolExecutor.runWorker(ThreadPoolExecutor.java:1136) ~[na:na]
	at java.base/java.util.concurrent.ThreadPoolExecutor$Worker.run(ThreadPoolExecutor.java:635) ~[na:na]
	at java.base/java.lang.Thread.run(Thread.java:833) ~[na:na]
Caused by: com.alibaba.nacos.shaded.io.grpc.netty.shaded.io.netty.channel.AbstractChannel$AnnotatedSocketException: Operation not permitted: /127.0.0.1:9848
Caused by: java.net.SocketException: Operation not permitted
	at java.base/sun.nio.ch.Net.connect0(Native Method) ~[na:na]
	at java.base/sun.nio.ch.Net.connect(Net.java:579) ~[na:na]
	at java.base/sun.nio.ch.Net.connect(Net.java:586) ~[na:na]
	at java.base/sun.nio.ch.SocketChannelImpl.connect(SocketChannelImpl.java:853) ~[na:na]
	at com.alibaba.nacos.shaded.io.grpc.netty.shaded.io.netty.util.internal.SocketUtils$3.run(SocketUtils.java:91) ~[nacos-client-2.3.2.jar:na]
	at com.alibaba.nacos.shaded.io.grpc.netty.shaded.io.netty.util.internal.SocketUtils$3.run(SocketUtils.java:88) ~[nacos-client-2.3.2.jar:na]
	at java.base/java.security.AccessController.doPrivileged(AccessController.java:569) ~[na:na]
	at com.alibaba.nacos.shaded.io.grpc.netty.shaded.io.netty.util.internal.SocketUtils.connect(SocketUtils.java:88) ~[nacos-client-2.3.2.jar:na]
	at com.alibaba.nacos.shaded.io.grpc.netty.shaded.io.netty.channel.socket.nio.NioSocketChannel.doConnect(NioSocketChannel.java:322) ~[nacos-client-2.3.2.jar:na]
	at com.alibaba.nacos.shaded.io.grpc.netty.shaded.io.netty.channel.nio.AbstractNioChannel$AbstractNioUnsafe.connect(AbstractNioChannel.java:248) ~[nacos-client-2.3.2.jar:na]
	at com.alibaba.nacos.shaded.io.grpc.netty.shaded.io.netty.channel.DefaultChannelPipeline$HeadContext.connect(DefaultChannelPipeline.java:1342) ~[nacos-client-2.3.2.jar:na]
	at com.alibaba.nacos.shaded.io.grpc.netty.shaded.io.netty.channel.AbstractChannelHandlerContext.invokeConnect(AbstractChannelHandlerContext.java:653) ~[nacos-client-2.3.2.jar:na]
	at com.alibaba.nacos.shaded.io.grpc.netty.shaded.io.netty.channel.AbstractChannelHandlerContext.connect(AbstractChannelHandlerContext.java:632) ~[nacos-client-2.3.2.jar:na]
	at com.alibaba.nacos.shaded.io.grpc.netty.shaded.io.netty.channel.ChannelDuplexHandler.connect(ChannelDuplexHandler.java:54) ~[nacos-client-2.3.2.jar:na]
	at com.alibaba.nacos.shaded.io.grpc.netty.shaded.io.grpc.netty.WriteBufferingAndExceptionHandler.connect(WriteBufferingAndExceptionHandler.java:157) ~[nacos-client-2.3.2.jar:na]
	at com.alibaba.nacos.shaded.io.grpc.netty.shaded.io.netty.channel.AbstractChannelHandlerContext.invokeConnect(AbstractChannelHandlerContext.java:655) ~[nacos-client-2.3.2.jar:na]
	at com.alibaba.nacos.shaded.io.grpc.netty.shaded.io.netty.channel.AbstractChannelHandlerContext.access$1000(AbstractChannelHandlerContext.java:61) ~[nacos-client-2.3.2.jar:na]
	at com.alibaba.nacos.shaded.io.grpc.netty.shaded.io.netty.channel.AbstractChannelHandlerContext$9.run(AbstractChannelHandlerContext.java:637) ~[nacos-client-2.3.2.jar:na]
	at com.alibaba.nacos.shaded.io.grpc.netty.shaded.io.netty.util.concurrent.AbstractEventExecutor.runTask(AbstractEventExecutor.java:174) ~[nacos-client-2.3.2.jar:na]
	at com.alibaba.nacos.shaded.io.grpc.netty.shaded.io.netty.util.concurrent.AbstractEventExecutor.safeExecute(AbstractEventExecutor.java:167) ~[nacos-client-2.3.2.jar:na]
	at com.alibaba.nacos.shaded.io.grpc.netty.shaded.io.netty.util.concurrent.SingleThreadEventExecutor.runAllTasks(SingleThreadEventExecutor.java:470) ~[nacos-client-2.3.2.jar:na]
	at com.alibaba.nacos.shaded.io.grpc.netty.shaded.io.netty.channel.nio.NioEventLoop.run(NioEventLoop.java:569) ~[nacos-client-2.3.2.jar:na]
	at com.alibaba.nacos.shaded.io.grpc.netty.shaded.io.netty.util.concurrent.SingleThreadEventExecutor$4.run(SingleThreadEventExecutor.java:997) ~[nacos-client-2.3.2.jar:na]
	at com.alibaba.nacos.shaded.io.grpc.netty.shaded.io.netty.util.internal.ThreadExecutorMap$2.run(ThreadExecutorMap.java:74) ~[nacos-client-2.3.2.jar:na]
	at com.alibaba.nacos.shaded.io.grpc.netty.shaded.io.netty.util.concurrent.FastThreadLocalRunnable.run(FastThreadLocalRunnable.java:30) ~[nacos-client-2.3.2.jar:na]
	at java.base/java.lang.Thread.run(Thread.java:833) ~[na:na]
2025-12-11 23:19:56 - c.a.n.c.r.client.grpc.GrpcClient - Server check fail, please check server 127.0.0.1 ,port 9848 is available , error ={}
java.util.concurrent.ExecutionException: com.alibaba.nacos.shaded.io.grpc.StatusRuntimeException: UNAVAILABLE: io exception
	at com.alibaba.nacos.shaded.com.google.common.util.concurrent.AbstractFuture.getDoneValue(AbstractFuture.java:592) ~[nacos-client-2.3.2.jar:na]
	at com.alibaba.nacos.shaded.com.google.common.util.concurrent.AbstractFuture.get(AbstractFuture.java:467) ~[nacos-client-2.3.2.jar:na]
	at com.alibaba.nacos.common.remote.client.grpc.GrpcClient.serverCheck(GrpcClient.java:243) ~[nacos-client-2.3.2.jar:na]
	at com.alibaba.nacos.common.remote.client.grpc.GrpcClient.connectToServer(GrpcClient.java:367) ~[nacos-client-2.3.2.jar:na]
	at com.alibaba.nacos.common.remote.client.RpcClient.start(RpcClient.java:349) ~[nacos-client-2.3.2.jar:na]
	at com.alibaba.nacos.client.config.impl.ClientWorker$ConfigRpcTransportClient.ensureRpcClient(ClientWorker.java:1100) ~[nacos-client-2.3.2.jar:na]
	at com.alibaba.nacos.client.config.impl.ClientWorker$ConfigRpcTransportClient.getOneRunningClient(ClientWorker.java:1248) ~[nacos-client-2.3.2.jar:na]
	at com.alibaba.nacos.client.config.impl.ClientWorker$ConfigRpcTransportClient.queryConfig(ClientWorker.java:1146) ~[nacos-client-2.3.2.jar:na]
	at com.alibaba.nacos.client.config.impl.ClientWorker.getServerConfig(ClientWorker.java:472) ~[nacos-client-2.3.2.jar:na]
	at com.alibaba.nacos.client.config.NacosConfigService.getConfigInner(NacosConfigService.java:188) ~[nacos-client-2.3.2.jar:na]
	at com.alibaba.nacos.client.config.NacosConfigService.getConfig(NacosConfigService.java:99) ~[nacos-client-2.3.2.jar:na]
	at com.alibaba.cloud.nacos.client.NacosPropertySourceBuilder.loadNacosData(NacosPropertySourceBuilder.java:89) ~[spring-cloud-starter-alibaba-nacos-config-2023.0.1.2.jar:2023.0.1.2]
	at com.alibaba.cloud.nacos.client.NacosPropertySourceBuilder.build(NacosPropertySourceBuilder.java:74) ~[spring-cloud-starter-alibaba-nacos-config-2023.0.1.2.jar:2023.0.1.2]
	at com.alibaba.cloud.nacos.client.NacosPropertySourceLocator.loadNacosPropertySource(NacosPropertySourceLocator.java:199) ~[spring-cloud-starter-alibaba-nacos-config-2023.0.1.2.jar:2023.0.1.2]
	at com.alibaba.cloud.nacos.client.NacosPropertySourceLocator.loadNacosDataIfPresent(NacosPropertySourceLocator.java:186) ~[spring-cloud-starter-alibaba-nacos-config-2023.0.1.2.jar:2023.0.1.2]
	at com.alibaba.cloud.nacos.client.NacosPropertySourceLocator.loadApplicationConfiguration(NacosPropertySourceLocator.java:141) ~[spring-cloud-starter-alibaba-nacos-config-2023.0.1.2.jar:2023.0.1.2]
	at com.alibaba.cloud.nacos.client.NacosPropertySourceLocator.locate(NacosPropertySourceLocator.java:103) ~[spring-cloud-starter-alibaba-nacos-config-2023.0.1.2.jar:2023.0.1.2]
	at org.springframework.cloud.bootstrap.config.PropertySourceLocator.locateCollection(PropertySourceLocator.java:50) ~[spring-cloud-context-4.1.5.jar:4.1.5]
	at org.springframework.cloud.bootstrap.config.PropertySourceLocator.locateCollection(PropertySourceLocator.java:46) ~[spring-cloud-context-4.1.5.jar:4.1.5]
	at org.springframework.cloud.bootstrap.config.PropertySourceBootstrapConfiguration.doInitialize(PropertySourceBootstrapConfiguration.java:121) ~[spring-cloud-context-4.1.5.jar:4.1.5]
	at org.springframework.cloud.bootstrap.config.PropertySourceBootstrapConfiguration.initialize(PropertySourceBootstrapConfiguration.java:111) ~[spring-cloud-context-4.1.5.jar:4.1.5]
	at org.springframework.boot.SpringApplication.applyInitializers(SpringApplication.java:627) ~[spring-boot-3.3.5.jar:3.3.5]
	at org.springframework.boot.SpringApplication.prepareContext(SpringApplication.java:401) ~[spring-boot-3.3.5.jar:3.3.5]
	at org.springframework.boot.SpringApplication.run(SpringApplication.java:334) ~[spring-boot-3.3.5.jar:3.3.5]
	at org.springframework.boot.SpringApplication.run(SpringApplication.java:1363) ~[spring-boot-3.3.5.jar:3.3.5]
	at org.springframework.boot.SpringApplication.run(SpringApplication.java:1352) ~[spring-boot-3.3.5.jar:3.3.5]
	at com.sayrain.medicalbooking.MedicalBookingApplication.main(MedicalBookingApplication.java:10) ~[classes/:na]
	at java.base/jdk.internal.reflect.NativeMethodAccessorImpl.invoke0(Native Method) ~[na:na]
	at java.base/jdk.internal.reflect.NativeMethodAccessorImpl.invoke(NativeMethodAccessorImpl.java:77) ~[na:na]
	at java.base/jdk.internal.reflect.DelegatingMethodAccessorImpl.invoke(DelegatingMethodAccessorImpl.java:43) ~[na:na]
	at java.base/java.lang.reflect.Method.invoke(Method.java:568) ~[na:na]
	at org.springframework.boot.devtools.restart.RestartLauncher.run(RestartLauncher.java:50) ~[spring-boot-devtools-3.3.5.jar:3.3.5]
Caused by: com.alibaba.nacos.shaded.io.grpc.StatusRuntimeException: UNAVAILABLE: io exception
	at com.alibaba.nacos.shaded.io.grpc.Status.asRuntimeException(Status.java:537) ~[nacos-client-2.3.2.jar:na]
	at com.alibaba.nacos.shaded.io.grpc.stub.ClientCalls$UnaryStreamToFuture.onClose(ClientCalls.java:548) ~[nacos-client-2.3.2.jar:na]
	at com.alibaba.nacos.shaded.io.grpc.internal.DelayedClientCall$DelayedListener$3.run(DelayedClientCall.java:489) ~[nacos-client-2.3.2.jar:na]
	at com.alibaba.nacos.shaded.io.grpc.internal.DelayedClientCall$DelayedListener.delayOrExecute(DelayedClientCall.java:453) ~[nacos-client-2.3.2.jar:na]
	at com.alibaba.nacos.shaded.io.grpc.internal.DelayedClientCall$DelayedListener.onClose(DelayedClientCall.java:486) ~[nacos-client-2.3.2.jar:na]
	at com.alibaba.nacos.shaded.io.grpc.internal.ClientCallImpl.closeObserver(ClientCallImpl.java:567) ~[nacos-client-2.3.2.jar:na]
	at com.alibaba.nacos.shaded.io.grpc.internal.ClientCallImpl.access$300(ClientCallImpl.java:71) ~[nacos-client-2.3.2.jar:na]
	at com.alibaba.nacos.shaded.io.grpc.internal.ClientCallImpl$ClientStreamListenerImpl$1StreamClosed.runInternal(ClientCallImpl.java:735) ~[nacos-client-2.3.2.jar:na]
	at com.alibaba.nacos.shaded.io.grpc.internal.ClientCallImpl$ClientStreamListenerImpl$1StreamClosed.runInContext(ClientCallImpl.java:716) ~[nacos-client-2.3.2.jar:na]
	at com.alibaba.nacos.shaded.io.grpc.internal.ContextRunnable.run(ContextRunnable.java:37) ~[nacos-client-2.3.2.jar:na]
	at com.alibaba.nacos.shaded.io.grpc.internal.SerializingExecutor.run(SerializingExecutor.java:133) ~[nacos-client-2.3.2.jar:na]
	at java.base/java.util.concurrent.ThreadPoolExecutor.runWorker(ThreadPoolExecutor.java:1136) ~[na:na]
	at java.base/java.util.concurrent.ThreadPoolExecutor$Worker.run(ThreadPoolExecutor.java:635) ~[na:na]
	at java.base/java.lang.Thread.run(Thread.java:833) ~[na:na]
Caused by: com.alibaba.nacos.shaded.io.grpc.netty.shaded.io.netty.channel.AbstractChannel$AnnotatedSocketException: Operation not permitted: /127.0.0.1:9848
Caused by: java.net.SocketException: Operation not permitted
	at java.base/sun.nio.ch.Net.connect0(Native Method) ~[na:na]
	at java.base/sun.nio.ch.Net.connect(Net.java:579) ~[na:na]
	at java.base/sun.nio.ch.Net.connect(Net.java:586) ~[na:na]
	at java.base/sun.nio.ch.SocketChannelImpl.connect(SocketChannelImpl.java:853) ~[na:na]
	at com.alibaba.nacos.shaded.io.grpc.netty.shaded.io.netty.util.internal.SocketUtils$3.run(SocketUtils.java:91) ~[nacos-client-2.3.2.jar:na]
	at com.alibaba.nacos.shaded.io.grpc.netty.shaded.io.netty.util.internal.SocketUtils$3.run(SocketUtils.java:88) ~[nacos-client-2.3.2.jar:na]
	at java.base/java.security.AccessController.doPrivileged(AccessController.java:569) ~[na:na]
	at com.alibaba.nacos.shaded.io.grpc.netty.shaded.io.netty.util.internal.SocketUtils.connect(SocketUtils.java:88) ~[nacos-client-2.3.2.jar:na]
	at com.alibaba.nacos.shaded.io.grpc.netty.shaded.io.netty.channel.socket.nio.NioSocketChannel.doConnect(NioSocketChannel.java:322) ~[nacos-client-2.3.2.jar:na]
	at com.alibaba.nacos.shaded.io.grpc.netty.shaded.io.netty.channel.nio.AbstractNioChannel$AbstractNioUnsafe.connect(AbstractNioChannel.java:248) ~[nacos-client-2.3.2.jar:na]
	at com.alibaba.nacos.shaded.io.grpc.netty.shaded.io.netty.channel.DefaultChannelPipeline$HeadContext.connect(DefaultChannelPipeline.java:1342) ~[nacos-client-2.3.2.jar:na]
	at com.alibaba.nacos.shaded.io.grpc.netty.shaded.io.netty.channel.AbstractChannelHandlerContext.invokeConnect(AbstractChannelHandlerContext.java:653) ~[nacos-client-2.3.2.jar:na]
	at com.alibaba.nacos.shaded.io.grpc.netty.shaded.io.netty.channel.AbstractChannelHandlerContext.connect(AbstractChannelHandlerContext.java:632) ~[nacos-client-2.3.2.jar:na]
	at com.alibaba.nacos.shaded.io.grpc.netty.shaded.io.netty.channel.ChannelDuplexHandler.connect(ChannelDuplexHandler.java:54) ~[nacos-client-2.3.2.jar:na]
	at com.alibaba.nacos.shaded.io.grpc.netty.shaded.io.grpc.netty.WriteBufferingAndExceptionHandler.connect(WriteBufferingAndExceptionHandler.java:157) ~[nacos-client-2.3.2.jar:na]
	at com.alibaba.nacos.shaded.io.grpc.netty.shaded.io.netty.channel.AbstractChannelHandlerContext.invokeConnect(AbstractChannelHandlerContext.java:655) ~[nacos-client-2.3.2.jar:na]
	at com.alibaba.nacos.shaded.io.grpc.netty.shaded.io.netty.channel.AbstractChannelHandlerContext.access$1000(AbstractChannelHandlerContext.java:61) ~[nacos-client-2.3.2.jar:na]
	at com.alibaba.nacos.shaded.io.grpc.netty.shaded.io.netty.channel.AbstractChannelHandlerContext$9.run(AbstractChannelHandlerContext.java:637) ~[nacos-client-2.3.2.jar:na]
	at com.alibaba.nacos.shaded.io.grpc.netty.shaded.io.netty.util.concurrent.AbstractEventExecutor.runTask(AbstractEventExecutor.java:174) ~[nacos-client-2.3.2.jar:na]
	at com.alibaba.nacos.shaded.io.grpc.netty.shaded.io.netty.util.concurrent.AbstractEventExecutor.safeExecute(AbstractEventExecutor.java:167) ~[nacos-client-2.3.2.jar:na]
	at com.alibaba.nacos.shaded.io.grpc.netty.shaded.io.netty.util.concurrent.SingleThreadEventExecutor.runAllTasks(SingleThreadEventExecutor.java:470) ~[nacos-client-2.3.2.jar:na]
	at com.alibaba.nacos.shaded.io.grpc.netty.shaded.io.netty.channel.nio.NioEventLoop.run(NioEventLoop.java:569) ~[nacos-client-2.3.2.jar:na]
	at com.alibaba.nacos.shaded.io.grpc.netty.shaded.io.netty.util.concurrent.SingleThreadEventExecutor$4.run(SingleThreadEventExecutor.java:997) ~[nacos-client-2.3.2.jar:na]
	at com.alibaba.nacos.shaded.io.grpc.netty.shaded.io.netty.util.internal.ThreadExecutorMap$2.run(ThreadExecutorMap.java:74) ~[nacos-client-2.3.2.jar:na]
	at com.alibaba.nacos.shaded.io.grpc.netty.shaded.io.netty.util.concurrent.FastThreadLocalRunnable.run(FastThreadLocalRunnable.java:30) ~[nacos-client-2.3.2.jar:na]
	at java.base/java.lang.Thread.run(Thread.java:833) ~[na:na]
2025-12-11 23:19:56 - c.a.n.c.r.client.grpc.GrpcClient - Server check fail, please check server 127.0.0.1 ,port 9848 is available , error ={}
java.util.concurrent.ExecutionException: com.alibaba.nacos.shaded.io.grpc.StatusRuntimeException: UNAVAILABLE: io exception
	at com.alibaba.nacos.shaded.com.google.common.util.concurrent.AbstractFuture.getDoneValue(AbstractFuture.java:592) ~[nacos-client-2.3.2.jar:na]
	at com.alibaba.nacos.shaded.com.google.common.util.concurrent.AbstractFuture.get(AbstractFuture.java:467) ~[nacos-client-2.3.2.jar:na]
	at com.alibaba.nacos.common.remote.client.grpc.GrpcClient.serverCheck(GrpcClient.java:243) ~[nacos-client-2.3.2.jar:na]
	at com.alibaba.nacos.common.remote.client.grpc.GrpcClient.connectToServer(GrpcClient.java:367) ~[nacos-client-2.3.2.jar:na]
	at com.alibaba.nacos.common.remote.client.RpcClient.reconnect(RpcClient.java:502) ~[nacos-client-2.3.2.jar:na]
	at com.alibaba.nacos.common.remote.client.RpcClient.lambda$start$1(RpcClient.java:329) ~[nacos-client-2.3.2.jar:na]
	at java.base/java.util.concurrent.Executors$RunnableAdapter.call(Executors.java:539) ~[na:na]
	at java.base/java.util.concurrent.FutureTask.run(FutureTask.java:264) ~[na:na]
	at java.base/java.util.concurrent.ScheduledThreadPoolExecutor$ScheduledFutureTask.run(ScheduledThreadPoolExecutor.java:304) ~[na:na]
	at java.base/java.util.concurrent.ThreadPoolExecutor.runWorker(ThreadPoolExecutor.java:1136) ~[na:na]
	at java.base/java.util.concurrent.ThreadPoolExecutor$Worker.run(ThreadPoolExecutor.java:635) ~[na:na]
	at java.base/java.lang.Thread.run(Thread.java:833) ~[na:na]
Caused by: com.alibaba.nacos.shaded.io.grpc.StatusRuntimeException: UNAVAILABLE: io exception
	at com.alibaba.nacos.shaded.io.grpc.Status.asRuntimeException(Status.java:537) ~[nacos-client-2.3.2.jar:na]
	at com.alibaba.nacos.shaded.io.grpc.stub.ClientCalls$UnaryStreamToFuture.onClose(ClientCalls.java:548) ~[nacos-client-2.3.2.jar:na]
	at com.alibaba.nacos.shaded.io.grpc.internal.DelayedClientCall$DelayedListener$3.run(DelayedClientCall.java:489) ~[nacos-client-2.3.2.jar:na]
	at com.alibaba.nacos.shaded.io.grpc.internal.DelayedClientCall$DelayedListener.delayOrExecute(DelayedClientCall.java:453) ~[nacos-client-2.3.2.jar:na]
	at com.alibaba.nacos.shaded.io.grpc.internal.DelayedClientCall$DelayedListener.onClose(DelayedClientCall.java:486) ~[nacos-client-2.3.2.jar:na]
	at com.alibaba.nacos.shaded.io.grpc.internal.ClientCallImpl.closeObserver(ClientCallImpl.java:567) ~[nacos-client-2.3.2.jar:na]
	at com.alibaba.nacos.shaded.io.grpc.internal.ClientCallImpl.access$300(ClientCallImpl.java:71) ~[nacos-client-2.3.2.jar:na]
	at com.alibaba.nacos.shaded.io.grpc.internal.ClientCallImpl$ClientStreamListenerImpl$1StreamClosed.runInternal(ClientCallImpl.java:735) ~[nacos-client-2.3.2.jar:na]
	at com.alibaba.nacos.shaded.io.grpc.internal.ClientCallImpl$ClientStreamListenerImpl$1StreamClosed.runInContext(ClientCallImpl.java:716) ~[nacos-client-2.3.2.jar:na]
	at com.alibaba.nacos.shaded.io.grpc.internal.ContextRunnable.run(ContextRunnable.java:37) ~[nacos-client-2.3.2.jar:na]
	at com.alibaba.nacos.shaded.io.grpc.internal.SerializingExecutor.run(SerializingExecutor.java:133) ~[nacos-client-2.3.2.jar:na]
	... 3 common frames omitted
Caused by: com.alibaba.nacos.shaded.io.grpc.netty.shaded.io.netty.channel.AbstractChannel$AnnotatedSocketException: Operation not permitted: /127.0.0.1:9848
Caused by: java.net.SocketException: Operation not permitted
	at java.base/sun.nio.ch.Net.connect0(Native Method) ~[na:na]
	at java.base/sun.nio.ch.Net.connect(Net.java:579) ~[na:na]
	at java.base/sun.nio.ch.Net.connect(Net.java:586) ~[na:na]
	at java.base/sun.nio.ch.SocketChannelImpl.connect(SocketChannelImpl.java:853) ~[na:na]
	at com.alibaba.nacos.shaded.io.grpc.netty.shaded.io.netty.util.internal.SocketUtils$3.run(SocketUtils.java:91) ~[nacos-client-2.3.2.jar:na]
	at com.alibaba.nacos.shaded.io.grpc.netty.shaded.io.netty.util.internal.SocketUtils$3.run(SocketUtils.java:88) ~[nacos-client-2.3.2.jar:na]
	at java.base/java.security.AccessController.doPrivileged(AccessController.java:569) ~[na:na]
	at com.alibaba.nacos.shaded.io.grpc.netty.shaded.io.netty.util.internal.SocketUtils.connect(SocketUtils.java:88) ~[nacos-client-2.3.2.jar:na]
	at com.alibaba.nacos.shaded.io.grpc.netty.shaded.io.netty.channel.socket.nio.NioSocketChannel.doConnect(NioSocketChannel.java:322) ~[nacos-client-2.3.2.jar:na]
	at com.alibaba.nacos.shaded.io.grpc.netty.shaded.io.netty.channel.nio.AbstractNioChannel$AbstractNioUnsafe.connect(AbstractNioChannel.java:248) ~[nacos-client-2.3.2.jar:na]
	at com.alibaba.nacos.shaded.io.grpc.netty.shaded.io.netty.channel.DefaultChannelPipeline$HeadContext.connect(DefaultChannelPipeline.java:1342) ~[nacos-client-2.3.2.jar:na]
	at com.alibaba.nacos.shaded.io.grpc.netty.shaded.io.netty.channel.AbstractChannelHandlerContext.invokeConnect(AbstractChannelHandlerContext.java:653) ~[nacos-client-2.3.2.jar:na]
	at com.alibaba.nacos.shaded.io.grpc.netty.shaded.io.netty.channel.AbstractChannelHandlerContext.connect(AbstractChannelHandlerContext.java:632) ~[nacos-client-2.3.2.jar:na]
	at com.alibaba.nacos.shaded.io.grpc.netty.shaded.io.netty.channel.ChannelDuplexHandler.connect(ChannelDuplexHandler.java:54) ~[nacos-client-2.3.2.jar:na]
	at com.alibaba.nacos.shaded.io.grpc.netty.shaded.io.grpc.netty.WriteBufferingAndExceptionHandler.connect(WriteBufferingAndExceptionHandler.java:157) ~[nacos-client-2.3.2.jar:na]
	at com.alibaba.nacos.shaded.io.grpc.netty.shaded.io.netty.channel.AbstractChannelHandlerContext.invokeConnect(AbstractChannelHandlerContext.java:655) ~[nacos-client-2.3.2.jar:na]
	at com.alibaba.nacos.shaded.io.grpc.netty.shaded.io.netty.channel.AbstractChannelHandlerContext.access$1000(AbstractChannelHandlerContext.java:61) ~[nacos-client-2.3.2.jar:na]
	at com.alibaba.nacos.shaded.io.grpc.netty.shaded.io.netty.channel.AbstractChannelHandlerContext$9.run(AbstractChannelHandlerContext.java:637) ~[nacos-client-2.3.2.jar:na]
	at com.alibaba.nacos.shaded.io.grpc.netty.shaded.io.netty.util.concurrent.AbstractEventExecutor.runTask(AbstractEventExecutor.java:174) ~[nacos-client-2.3.2.jar:na]
	at com.alibaba.nacos.shaded.io.grpc.netty.shaded.io.netty.util.concurrent.AbstractEventExecutor.safeExecute(AbstractEventExecutor.java:167) ~[nacos-client-2.3.2.jar:na]
	at com.alibaba.nacos.shaded.io.grpc.netty.shaded.io.netty.util.concurrent.SingleThreadEventExecutor.runAllTasks(SingleThreadEventExecutor.java:470) ~[nacos-client-2.3.2.jar:na]
	at com.alibaba.nacos.shaded.io.grpc.netty.shaded.io.netty.channel.nio.NioEventLoop.run(NioEventLoop.java:569) ~[nacos-client-2.3.2.jar:na]
	at com.alibaba.nacos.shaded.io.grpc.netty.shaded.io.netty.util.concurrent.SingleThreadEventExecutor$4.run(SingleThreadEventExecutor.java:997) ~[nacos-client-2.3.2.jar:na]
	at com.alibaba.nacos.shaded.io.grpc.netty.shaded.io.netty.util.internal.ThreadExecutorMap$2.run(ThreadExecutorMap.java:74) ~[nacos-client-2.3.2.jar:na]
	at com.alibaba.nacos.shaded.io.grpc.netty.shaded.io.netty.util.concurrent.FastThreadLocalRunnable.run(FastThreadLocalRunnable.java:30) ~[nacos-client-2.3.2.jar:na]
	at java.base/java.lang.Thread.run(Thread.java:833) ~[na:na]
2025-12-11 23:19:56 - c.a.n.c.r.client.grpc.GrpcClient - Server check fail, please check server 127.0.0.1 ,port 9848 is available , error ={}
java.util.concurrent.ExecutionException: com.alibaba.nacos.shaded.io.grpc.StatusRuntimeException: UNAVAILABLE: io exception
	at com.alibaba.nacos.shaded.com.google.common.util.concurrent.AbstractFuture.getDoneValue(AbstractFuture.java:592) ~[nacos-client-2.3.2.jar:na]
	at com.alibaba.nacos.shaded.com.google.common.util.concurrent.AbstractFuture.get(AbstractFuture.java:467) ~[nacos-client-2.3.2.jar:na]
	at com.alibaba.nacos.common.remote.client.grpc.GrpcClient.serverCheck(GrpcClient.java:243) ~[nacos-client-2.3.2.jar:na]
	at com.alibaba.nacos.common.remote.client.grpc.GrpcClient.connectToServer(GrpcClient.java:367) ~[nacos-client-2.3.2.jar:na]
	at com.alibaba.nacos.common.remote.client.RpcClient.reconnect(RpcClient.java:502) ~[nacos-client-2.3.2.jar:na]
	at com.alibaba.nacos.common.remote.client.RpcClient.lambda$start$1(RpcClient.java:329) ~[nacos-client-2.3.2.jar:na]
	at java.base/java.util.concurrent.Executors$RunnableAdapter.call(Executors.java:539) ~[na:na]
	at java.base/java.util.concurrent.FutureTask.run(FutureTask.java:264) ~[na:na]
	at java.base/java.util.concurrent.ScheduledThreadPoolExecutor$ScheduledFutureTask.run(ScheduledThreadPoolExecutor.java:304) ~[na:na]
	at java.base/java.util.concurrent.ThreadPoolExecutor.runWorker(ThreadPoolExecutor.java:1136) ~[na:na]
	at java.base/java.util.concurrent.ThreadPoolExecutor$Worker.run(ThreadPoolExecutor.java:635) ~[na:na]
	at java.base/java.lang.Thread.run(Thread.java:833) ~[na:na]
Caused by: com.alibaba.nacos.shaded.io.grpc.StatusRuntimeException: UNAVAILABLE: io exception
	at com.alibaba.nacos.shaded.io.grpc.Status.asRuntimeException(Status.java:537) ~[nacos-client-2.3.2.jar:na]
	at com.alibaba.nacos.shaded.io.grpc.stub.ClientCalls$UnaryStreamToFuture.onClose(ClientCalls.java:548) ~[nacos-client-2.3.2.jar:na]
	at com.alibaba.nacos.shaded.io.grpc.internal.DelayedClientCall$DelayedListener$3.run(DelayedClientCall.java:489) ~[nacos-client-2.3.2.jar:na]
	at com.alibaba.nacos.shaded.io.grpc.internal.DelayedClientCall$DelayedListener.delayOrExecute(DelayedClientCall.java:453) ~[nacos-client-2.3.2.jar:na]
	at com.alibaba.nacos.shaded.io.grpc.internal.DelayedClientCall$DelayedListener.onClose(DelayedClientCall.java:486) ~[nacos-client-2.3.2.jar:na]
	at com.alibaba.nacos.shaded.io.grpc.internal.ClientCallImpl.closeObserver(ClientCallImpl.java:567) ~[nacos-client-2.3.2.jar:na]
	at com.alibaba.nacos.shaded.io.grpc.internal.ClientCallImpl.access$300(ClientCallImpl.java:71) ~[nacos-client-2.3.2.jar:na]
	at com.alibaba.nacos.shaded.io.grpc.internal.ClientCallImpl$ClientStreamListenerImpl$1StreamClosed.runInternal(ClientCallImpl.java:735) ~[nacos-client-2.3.2.jar:na]
	at com.alibaba.nacos.shaded.io.grpc.internal.ClientCallImpl$ClientStreamListenerImpl$1StreamClosed.runInContext(ClientCallImpl.java:716) ~[nacos-client-2.3.2.jar:na]
	at com.alibaba.nacos.shaded.io.grpc.internal.ContextRunnable.run(ContextRunnable.java:37) ~[nacos-client-2.3.2.jar:na]
	at com.alibaba.nacos.shaded.io.grpc.internal.SerializingExecutor.run(SerializingExecutor.java:133) ~[nacos-client-2.3.2.jar:na]
	... 3 common frames omitted
Caused by: com.alibaba.nacos.shaded.io.grpc.netty.shaded.io.netty.channel.AbstractChannel$AnnotatedSocketException: Operation not permitted: /127.0.0.1:9848
Caused by: java.net.SocketException: Operation not permitted
	at java.base/sun.nio.ch.Net.connect0(Native Method) ~[na:na]
	at java.base/sun.nio.ch.Net.connect(Net.java:579) ~[na:na]
	at java.base/sun.nio.ch.Net.connect(Net.java:586) ~[na:na]
	at java.base/sun.nio.ch.SocketChannelImpl.connect(SocketChannelImpl.java:853) ~[na:na]
	at com.alibaba.nacos.shaded.io.grpc.netty.shaded.io.netty.util.internal.SocketUtils$3.run(SocketUtils.java:91) ~[nacos-client-2.3.2.jar:na]
	at com.alibaba.nacos.shaded.io.grpc.netty.shaded.io.netty.util.internal.SocketUtils$3.run(SocketUtils.java:88) ~[nacos-client-2.3.2.jar:na]
	at java.base/java.security.AccessController.doPrivileged(AccessController.java:569) ~[na:na]
	at com.alibaba.nacos.shaded.io.grpc.netty.shaded.io.netty.util.internal.SocketUtils.connect(SocketUtils.java:88) ~[nacos-client-2.3.2.jar:na]
	at com.alibaba.nacos.shaded.io.grpc.netty.shaded.io.netty.channel.socket.nio.NioSocketChannel.doConnect(NioSocketChannel.java:322) ~[nacos-client-2.3.2.jar:na]
	at com.alibaba.nacos.shaded.io.grpc.netty.shaded.io.netty.channel.nio.AbstractNioChannel$AbstractNioUnsafe.connect(AbstractNioChannel.java:248) ~[nacos-client-2.3.2.jar:na]
	at com.alibaba.nacos.shaded.io.grpc.netty.shaded.io.netty.channel.DefaultChannelPipeline$HeadContext.connect(DefaultChannelPipeline.java:1342) ~[nacos-client-2.3.2.jar:na]
	at com.alibaba.nacos.shaded.io.grpc.netty.shaded.io.netty.channel.AbstractChannelHandlerContext.invokeConnect(AbstractChannelHandlerContext.java:653) ~[nacos-client-2.3.2.jar:na]
	at com.alibaba.nacos.shaded.io.grpc.netty.shaded.io.netty.channel.AbstractChannelHandlerContext.connect(AbstractChannelHandlerContext.java:632) ~[nacos-client-2.3.2.jar:na]
	at com.alibaba.nacos.shaded.io.grpc.netty.shaded.io.netty.channel.ChannelDuplexHandler.connect(ChannelDuplexHandler.java:54) ~[nacos-client-2.3.2.jar:na]
	at com.alibaba.nacos.shaded.io.grpc.netty.shaded.io.grpc.netty.WriteBufferingAndExceptionHandler.connect(WriteBufferingAndExceptionHandler.java:157) ~[nacos-client-2.3.2.jar:na]
	at com.alibaba.nacos.shaded.io.grpc.netty.shaded.io.netty.channel.AbstractChannelHandlerContext.invokeConnect(AbstractChannelHandlerContext.java:655) ~[nacos-client-2.3.2.jar:na]
	at com.alibaba.nacos.shaded.io.grpc.netty.shaded.io.netty.channel.AbstractChannelHandlerContext.access$1000(AbstractChannelHandlerContext.java:61) ~[nacos-client-2.3.2.jar:na]
	at com.alibaba.nacos.shaded.io.grpc.netty.shaded.io.netty.channel.AbstractChannelHandlerContext$9.run(AbstractChannelHandlerContext.java:637) ~[nacos-client-2.3.2.jar:na]
	at com.alibaba.nacos.shaded.io.grpc.netty.shaded.io.netty.util.concurrent.AbstractEventExecutor.runTask(AbstractEventExecutor.java:174) ~[nacos-client-2.3.2.jar:na]
	at com.alibaba.nacos.shaded.io.grpc.netty.shaded.io.netty.util.concurrent.AbstractEventExecutor.safeExecute(AbstractEventExecutor.java:167) ~[nacos-client-2.3.2.jar:na]
	at com.alibaba.nacos.shaded.io.grpc.netty.shaded.io.netty.util.concurrent.SingleThreadEventExecutor.runAllTasks(SingleThreadEventExecutor.java:470) ~[nacos-client-2.3.2.jar:na]
	at com.alibaba.nacos.shaded.io.grpc.netty.shaded.io.netty.channel.nio.NioEventLoop.run(NioEventLoop.java:569) ~[nacos-client-2.3.2.jar:na]
	at com.alibaba.nacos.shaded.io.grpc.netty.shaded.io.netty.util.concurrent.SingleThreadEventExecutor$4.run(SingleThreadEventExecutor.java:997) ~[nacos-client-2.3.2.jar:na]
	at com.alibaba.nacos.shaded.io.grpc.netty.shaded.io.netty.util.internal.ThreadExecutorMap$2.run(ThreadExecutorMap.java:74) ~[nacos-client-2.3.2.jar:na]
	at com.alibaba.nacos.shaded.io.grpc.netty.shaded.io.netty.util.concurrent.FastThreadLocalRunnable.run(FastThreadLocalRunnable.java:30) ~[nacos-client-2.3.2.jar:na]
	at java.base/java.lang.Thread.run(Thread.java:833) ~[na:na]
2025-12-11 23:19:56 - c.alibaba.nacos.common.remote.client - Send request fail, request = ConfigQueryRequest{headers={charset=UTF-8, Client-AppName=unknown, Client-RequestToken=8cecc36cfe8b072628d64645b299d17b, Client-RequestTS=1765466396528, exConfigInfo=true, notify=false}, requestId='null'}, retryTimes = 0, errorMessage = Client not connected, current status:STARTING
2025-12-11 23:19:56 - c.alibaba.nacos.common.remote.client - Send request fail, request = ConfigQueryRequest{headers={charset=UTF-8, Client-AppName=unknown, Client-RequestToken=8cecc36cfe8b072628d64645b299d17b, Client-RequestTS=1765466396528, exConfigInfo=true, notify=false}, requestId='null'}, retryTimes = 1, errorMessage = Client not connected, current status:STARTING
2025-12-11 23:19:56 - c.a.n.c.r.client.grpc.GrpcClient - Server check fail, please check server 127.0.0.1 ,port 9848 is available , error ={}
java.util.concurrent.ExecutionException: com.alibaba.nacos.shaded.io.grpc.StatusRuntimeException: UNAVAILABLE: io exception
	at com.alibaba.nacos.shaded.com.google.common.util.concurrent.AbstractFuture.getDoneValue(AbstractFuture.java:592) ~[nacos-client-2.3.2.jar:na]
	at com.alibaba.nacos.shaded.com.google.common.util.concurrent.AbstractFuture.get(AbstractFuture.java:467) ~[nacos-client-2.3.2.jar:na]
	at com.alibaba.nacos.common.remote.client.grpc.GrpcClient.serverCheck(GrpcClient.java:243) ~[nacos-client-2.3.2.jar:na]
	at com.alibaba.nacos.common.remote.client.grpc.GrpcClient.connectToServer(GrpcClient.java:367) ~[nacos-client-2.3.2.jar:na]
	at com.alibaba.nacos.common.remote.client.RpcClient.reconnect(RpcClient.java:502) ~[nacos-client-2.3.2.jar:na]
	at com.alibaba.nacos.common.remote.client.RpcClient.lambda$start$1(RpcClient.java:329) ~[nacos-client-2.3.2.jar:na]
	at java.base/java.util.concurrent.Executors$RunnableAdapter.call(Executors.java:539) ~[na:na]
	at java.base/java.util.concurrent.FutureTask.run(FutureTask.java:264) ~[na:na]
	at java.base/java.util.concurrent.ScheduledThreadPoolExecutor$ScheduledFutureTask.run(ScheduledThreadPoolExecutor.java:304) ~[na:na]
	at java.base/java.util.concurrent.ThreadPoolExecutor.runWorker(ThreadPoolExecutor.java:1136) ~[na:na]
	at java.base/java.util.concurrent.ThreadPoolExecutor$Worker.run(ThreadPoolExecutor.java:635) ~[na:na]
	at java.base/java.lang.Thread.run(Thread.java:833) ~[na:na]
Caused by: com.alibaba.nacos.shaded.io.grpc.StatusRuntimeException: UNAVAILABLE: io exception
	at com.alibaba.nacos.shaded.io.grpc.Status.asRuntimeException(Status.java:537) ~[nacos-client-2.3.2.jar:na]
	at com.alibaba.nacos.shaded.io.grpc.stub.ClientCalls$UnaryStreamToFuture.onClose(ClientCalls.java:548) ~[nacos-client-2.3.2.jar:na]
	at com.alibaba.nacos.shaded.io.grpc.internal.DelayedClientCall$DelayedListener$3.run(DelayedClientCall.java:489) ~[nacos-client-2.3.2.jar:na]
	at com.alibaba.nacos.shaded.io.grpc.internal.DelayedClientCall$DelayedListener.delayOrExecute(DelayedClientCall.java:453) ~[nacos-client-2.3.2.jar:na]
	at com.alibaba.nacos.shaded.io.grpc.internal.DelayedClientCall$DelayedListener.onClose(DelayedClientCall.java:486) ~[nacos-client-2.3.2.jar:na]
	at com.alibaba.nacos.shaded.io.grpc.internal.ClientCallImpl.closeObserver(ClientCallImpl.java:567) ~[nacos-client-2.3.2.jar:na]
	at com.alibaba.nacos.shaded.io.grpc.internal.ClientCallImpl.access$300(ClientCallImpl.java:71) ~[nacos-client-2.3.2.jar:na]
	at com.alibaba.nacos.shaded.io.grpc.internal.ClientCallImpl$ClientStreamListenerImpl$1StreamClosed.runInternal(ClientCallImpl.java:735) ~[nacos-client-2.3.2.jar:na]
	at com.alibaba.nacos.shaded.io.grpc.internal.ClientCallImpl$ClientStreamListenerImpl$1StreamClosed.runInContext(ClientCallImpl.java:716) ~[nacos-client-2.3.2.jar:na]
	at com.alibaba.nacos.shaded.io.grpc.internal.ContextRunnable.run(ContextRunnable.java:37) ~[nacos-client-2.3.2.jar:na]
	at com.alibaba.nacos.shaded.io.grpc.internal.SerializingExecutor.run(SerializingExecutor.java:133) ~[nacos-client-2.3.2.jar:na]
	... 3 common frames omitted
Caused by: com.alibaba.nacos.shaded.io.grpc.netty.shaded.io.netty.channel.AbstractChannel$AnnotatedSocketException: Operation not permitted: /127.0.0.1:9848
Caused by: java.net.SocketException: Operation not permitted
	at java.base/sun.nio.ch.Net.connect0(Native Method) ~[na:na]
	at java.base/sun.nio.ch.Net.connect(Net.java:579) ~[na:na]
	at java.base/sun.nio.ch.Net.connect(Net.java:586) ~[na:na]
	at java.base/sun.nio.ch.SocketChannelImpl.connect(SocketChannelImpl.java:853) ~[na:na]
	at com.alibaba.nacos.shaded.io.grpc.netty.shaded.io.netty.util.internal.SocketUtils$3.run(SocketUtils.java:91) ~[nacos-client-2.3.2.jar:na]
	at com.alibaba.nacos.shaded.io.grpc.netty.shaded.io.netty.util.internal.SocketUtils$3.run(SocketUtils.java:88) ~[nacos-client-2.3.2.jar:na]
	at java.base/java.security.AccessController.doPrivileged(AccessController.java:569) ~[na:na]
	at com.alibaba.nacos.shaded.io.grpc.netty.shaded.io.netty.util.internal.SocketUtils.connect(SocketUtils.java:88) ~[nacos-client-2.3.2.jar:na]
	at com.alibaba.nacos.shaded.io.grpc.netty.shaded.io.netty.channel.socket.nio.NioSocketChannel.doConnect(NioSocketChannel.java:322) ~[nacos-client-2.3.2.jar:na]
	at com.alibaba.nacos.shaded.io.grpc.netty.shaded.io.netty.channel.nio.AbstractNioChannel$AbstractNioUnsafe.connect(AbstractNioChannel.java:248) ~[nacos-client-2.3.2.jar:na]
	at com.alibaba.nacos.shaded.io.grpc.netty.shaded.io.netty.channel.DefaultChannelPipeline$HeadContext.connect(DefaultChannelPipeline.java:1342) ~[nacos-client-2.3.2.jar:na]
	at com.alibaba.nacos.shaded.io.grpc.netty.shaded.io.netty.channel.AbstractChannelHandlerContext.invokeConnect(AbstractChannelHandlerContext.java:653) ~[nacos-client-2.3.2.jar:na]
	at com.alibaba.nacos.shaded.io.grpc.netty.shaded.io.netty.channel.AbstractChannelHandlerContext.connect(AbstractChannelHandlerContext.java:632) ~[nacos-client-2.3.2.jar:na]
	at com.alibaba.nacos.shaded.io.grpc.netty.shaded.io.netty.channel.ChannelDuplexHandler.connect(ChannelDuplexHandler.java:54) ~[nacos-client-2.3.2.jar:na]
	at com.alibaba.nacos.shaded.io.grpc.netty.shaded.io.grpc.netty.WriteBufferingAndExceptionHandler.connect(WriteBufferingAndExceptionHandler.java:157) ~[nacos-client-2.3.2.jar:na]
	at com.alibaba.nacos.shaded.io.grpc.netty.shaded.io.netty.channel.AbstractChannelHandlerContext.invokeConnect(AbstractChannelHandlerContext.java:655) ~[nacos-client-2.3.2.jar:na]
	at com.alibaba.nacos.shaded.io.grpc.netty.shaded.io.netty.channel.AbstractChannelHandlerContext.access$1000(AbstractChannelHandlerContext.java:61) ~[nacos-client-2.3.2.jar:na]
	at com.alibaba.nacos.shaded.io.grpc.netty.shaded.io.netty.channel.AbstractChannelHandlerContext$9.run(AbstractChannelHandlerContext.java:637) ~[nacos-client-2.3.2.jar:na]
	at com.alibaba.nacos.shaded.io.grpc.netty.shaded.io.netty.util.concurrent.AbstractEventExecutor.runTask(AbstractEventExecutor.java:174) ~[nacos-client-2.3.2.jar:na]
	at com.alibaba.nacos.shaded.io.grpc.netty.shaded.io.netty.util.concurrent.AbstractEventExecutor.safeExecute(AbstractEventExecutor.java:167) ~[nacos-client-2.3.2.jar:na]
	at com.alibaba.nacos.shaded.io.grpc.netty.shaded.io.netty.util.concurrent.SingleThreadEventExecutor.runAllTasks(SingleThreadEventExecutor.java:470) ~[nacos-client-2.3.2.jar:na]
	at com.alibaba.nacos.shaded.io.grpc.netty.shaded.io.netty.channel.nio.NioEventLoop.run(NioEventLoop.java:569) ~[nacos-client-2.3.2.jar:na]
	at com.alibaba.nacos.shaded.io.grpc.netty.shaded.io.netty.util.concurrent.SingleThreadEventExecutor$4.run(SingleThreadEventExecutor.java:997) ~[nacos-client-2.3.2.jar:na]
	at com.alibaba.nacos.shaded.io.grpc.netty.shaded.io.netty.util.internal.ThreadExecutorMap$2.run(ThreadExecutorMap.java:74) ~[nacos-client-2.3.2.jar:na]
	at com.alibaba.nacos.shaded.io.grpc.netty.shaded.io.netty.util.concurrent.FastThreadLocalRunnable.run(FastThreadLocalRunnable.java:30) ~[nacos-client-2.3.2.jar:na]
	at java.base/java.lang.Thread.run(Thread.java:833) ~[na:na]
2025-12-11 23:19:56 - c.alibaba.nacos.common.remote.client - Send request fail, request = ConfigQueryRequest{headers={charset=UTF-8, Client-AppName=unknown, Client-RequestToken=8cecc36cfe8b072628d64645b299d17b, Client-RequestTS=1765466396528, exConfigInfo=true, notify=false}, requestId='null'}, retryTimes = 2, errorMessage = Client not connected, current status:STARTING
2025-12-11 23:19:57 - c.alibaba.nacos.common.remote.client - Send request fail, request = ConfigQueryRequest{headers={charset=UTF-8, Client-AppName=unknown, Client-RequestToken=8cecc36cfe8b072628d64645b299d17b, Client-RequestTS=1765466396528, exConfigInfo=true, notify=false}, requestId='null'}, retryTimes = 3, errorMessage = Client not connected, current status:STARTING
2025-12-11 23:19:57 - c.a.n.c.config.NacosConfigService - [fixed-127.0.0.1_8848] [get-config] get from server error, dataId=medical-booking-system, group=DEFAULT_GROUP, tenant=, msg=ErrCode:-401, ErrMsg:Client not connected, current status:STARTING
2025-12-11 23:19:57 - c.a.c.n.c.NacosPropertySourceBuilder - Ignore the empty nacos configuration and get it based on dataId[medical-booking-system] & group[DEFAULT_GROUP]
2025-12-11 23:19:57 - c.a.c.n.c.NacosPropertySourceBuilder - get config from nacos, dataId: medical-booking-system.properties, group: DEFAULT_GROUP
2025-12-11 23:19:57 - c.alibaba.nacos.common.remote.client - Send request fail, request = ConfigQueryRequest{headers={charset=UTF-8, Client-AppName=unknown, Client-RequestToken=a8073c174932089115a25a10e16375e4, Client-RequestTS=1765466397059, exConfigInfo=true, notify=false}, requestId='null'}, retryTimes = 0, errorMessage = Client not connected, current status:STARTING
2025-12-11 23:19:57 - c.a.n.c.r.client.grpc.GrpcClient - Server check fail, please check server 127.0.0.1 ,port 9848 is available , error ={}
java.util.concurrent.ExecutionException: com.alibaba.nacos.shaded.io.grpc.StatusRuntimeException: UNAVAILABLE: io exception
	at com.alibaba.nacos.shaded.com.google.common.util.concurrent.AbstractFuture.getDoneValue(AbstractFuture.java:592) ~[nacos-client-2.3.2.jar:na]
	at com.alibaba.nacos.shaded.com.google.common.util.concurrent.AbstractFuture.get(AbstractFuture.java:467) ~[nacos-client-2.3.2.jar:na]
	at com.alibaba.nacos.common.remote.client.grpc.GrpcClient.serverCheck(GrpcClient.java:243) ~[nacos-client-2.3.2.jar:na]
	at com.alibaba.nacos.common.remote.client.grpc.GrpcClient.connectToServer(GrpcClient.java:367) ~[nacos-client-2.3.2.jar:na]
	at com.alibaba.nacos.common.remote.client.RpcClient.reconnect(RpcClient.java:502) ~[nacos-client-2.3.2.jar:na]
	at com.alibaba.nacos.common.remote.client.RpcClient.lambda$start$1(RpcClient.java:329) ~[nacos-client-2.3.2.jar:na]
	at java.base/java.util.concurrent.Executors$RunnableAdapter.call(Executors.java:539) ~[na:na]
	at java.base/java.util.concurrent.FutureTask.run(FutureTask.java:264) ~[na:na]
	at java.base/java.util.concurrent.ScheduledThreadPoolExecutor$ScheduledFutureTask.run(ScheduledThreadPoolExecutor.java:304) ~[na:na]
	at java.base/java.util.concurrent.ThreadPoolExecutor.runWorker(ThreadPoolExecutor.java:1136) ~[na:na]
	at java.base/java.util.concurrent.ThreadPoolExecutor$Worker.run(ThreadPoolExecutor.java:635) ~[na:na]
	at java.base/java.lang.Thread.run(Thread.java:833) ~[na:na]
Caused by: com.alibaba.nacos.shaded.io.grpc.StatusRuntimeException: UNAVAILABLE: io exception
	at com.alibaba.nacos.shaded.io.grpc.Status.asRuntimeException(Status.java:537) ~[nacos-client-2.3.2.jar:na]
	at com.alibaba.nacos.shaded.io.grpc.stub.ClientCalls$UnaryStreamToFuture.onClose(ClientCalls.java:548) ~[nacos-client-2.3.2.jar:na]
	at com.alibaba.nacos.shaded.io.grpc.internal.DelayedClientCall$DelayedListener$3.run(DelayedClientCall.java:489) ~[nacos-client-2.3.2.jar:na]
	at com.alibaba.nacos.shaded.io.grpc.internal.DelayedClientCall$DelayedListener.delayOrExecute(DelayedClientCall.java:453) ~[nacos-client-2.3.2.jar:na]
	at com.alibaba.nacos.shaded.io.grpc.internal.DelayedClientCall$DelayedListener.onClose(DelayedClientCall.java:486) ~[nacos-client-2.3.2.jar:na]
	at com.alibaba.nacos.shaded.io.grpc.internal.ClientCallImpl.closeObserver(ClientCallImpl.java:567) ~[nacos-client-2.3.2.jar:na]
	at com.alibaba.nacos.shaded.io.grpc.internal.ClientCallImpl.access$300(ClientCallImpl.java:71) ~[nacos-client-2.3.2.jar:na]
	at com.alibaba.nacos.shaded.io.grpc.internal.ClientCallImpl$ClientStreamListenerImpl$1StreamClosed.runInternal(ClientCallImpl.java:735) ~[nacos-client-2.3.2.jar:na]
	at com.alibaba.nacos.shaded.io.grpc.internal.ClientCallImpl$ClientStreamListenerImpl$1StreamClosed.runInContext(ClientCallImpl.java:716) ~[nacos-client-2.3.2.jar:na]
	at com.alibaba.nacos.shaded.io.grpc.internal.ContextRunnable.run(ContextRunnable.java:37) ~[nacos-client-2.3.2.jar:na]
	at com.alibaba.nacos.shaded.io.grpc.internal.SerializingExecutor.run(SerializingExecutor.java:133) ~[nacos-client-2.3.2.jar:na]
	... 3 common frames omitted
Caused by: com.alibaba.nacos.shaded.io.grpc.netty.shaded.io.netty.channel.AbstractChannel$AnnotatedSocketException: Operation not permitted: /127.0.0.1:9848
Caused by: java.net.SocketException: Operation not permitted
	at java.base/sun.nio.ch.Net.connect0(Native Method) ~[na:na]
	at java.base/sun.nio.ch.Net.connect(Net.java:579) ~[na:na]
	at java.base/sun.nio.ch.Net.connect(Net.java:586) ~[na:na]
	at java.base/sun.nio.ch.SocketChannelImpl.connect(SocketChannelImpl.java:853) ~[na:na]
	at com.alibaba.nacos.shaded.io.grpc.netty.shaded.io.netty.util.internal.SocketUtils$3.run(SocketUtils.java:91) ~[nacos-client-2.3.2.jar:na]
	at com.alibaba.nacos.shaded.io.grpc.netty.shaded.io.netty.util.internal.SocketUtils$3.run(SocketUtils.java:88) ~[nacos-client-2.3.2.jar:na]
	at java.base/java.security.AccessController.doPrivileged(AccessController.java:569) ~[na:na]
	at com.alibaba.nacos.shaded.io.grpc.netty.shaded.io.netty.util.internal.SocketUtils.connect(SocketUtils.java:88) ~[nacos-client-2.3.2.jar:na]
	at com.alibaba.nacos.shaded.io.grpc.netty.shaded.io.netty.channel.socket.nio.NioSocketChannel.doConnect(NioSocketChannel.java:322) ~[nacos-client-2.3.2.jar:na]
	at com.alibaba.nacos.shaded.io.grpc.netty.shaded.io.netty.channel.nio.AbstractNioChannel$AbstractNioUnsafe.connect(AbstractNioChannel.java:248) ~[nacos-client-2.3.2.jar:na]
	at com.alibaba.nacos.shaded.io.grpc.netty.shaded.io.netty.channel.DefaultChannelPipeline$HeadContext.connect(DefaultChannelPipeline.java:1342) ~[nacos-client-2.3.2.jar:na]
	at com.alibaba.nacos.shaded.io.grpc.netty.shaded.io.netty.channel.AbstractChannelHandlerContext.invokeConnect(AbstractChannelHandlerContext.java:653) ~[nacos-client-2.3.2.jar:na]
	at com.alibaba.nacos.shaded.io.grpc.netty.shaded.io.netty.channel.AbstractChannelHandlerContext.connect(AbstractChannelHandlerContext.java:632) ~[nacos-client-2.3.2.jar:na]
	at com.alibaba.nacos.shaded.io.grpc.netty.shaded.io.netty.channel.ChannelDuplexHandler.connect(ChannelDuplexHandler.java:54) ~[nacos-client-2.3.2.jar:na]
	at com.alibaba.nacos.shaded.io.grpc.netty.shaded.io.grpc.netty.WriteBufferingAndExceptionHandler.connect(WriteBufferingAndExceptionHandler.java:157) ~[nacos-client-2.3.2.jar:na]
	at com.alibaba.nacos.shaded.io.grpc.netty.shaded.io.netty.channel.AbstractChannelHandlerContext.invokeConnect(AbstractChannelHandlerContext.java:655) ~[nacos-client-2.3.2.jar:na]
	at com.alibaba.nacos.shaded.io.grpc.netty.shaded.io.netty.channel.AbstractChannelHandlerContext.access$1000(AbstractChannelHandlerContext.java:61) ~[nacos-client-2.3.2.jar:na]
	at com.alibaba.nacos.shaded.io.grpc.netty.shaded.io.netty.channel.AbstractChannelHandlerContext$9.run(AbstractChannelHandlerContext.java:637) ~[nacos-client-2.3.2.jar:na]
	at com.alibaba.nacos.shaded.io.grpc.netty.shaded.io.netty.util.concurrent.AbstractEventExecutor.runTask(AbstractEventExecutor.java:174) ~[nacos-client-2.3.2.jar:na]
	at com.alibaba.nacos.shaded.io.grpc.netty.shaded.io.netty.util.concurrent.AbstractEventExecutor.safeExecute(AbstractEventExecutor.java:167) ~[nacos-client-2.3.2.jar:na]
	at com.alibaba.nacos.shaded.io.grpc.netty.shaded.io.netty.util.concurrent.SingleThreadEventExecutor.runAllTasks(SingleThreadEventExecutor.java:470) ~[nacos-client-2.3.2.jar:na]
	at com.alibaba.nacos.shaded.io.grpc.netty.shaded.io.netty.channel.nio.NioEventLoop.run(NioEventLoop.java:569) ~[nacos-client-2.3.2.jar:na]
	at com.alibaba.nacos.shaded.io.grpc.netty.shaded.io.netty.util.concurrent.SingleThreadEventExecutor$4.run(SingleThreadEventExecutor.java:997) ~[nacos-client-2.3.2.jar:na]
	at com.alibaba.nacos.shaded.io.grpc.netty.shaded.io.netty.util.internal.ThreadExecutorMap$2.run(ThreadExecutorMap.java:74) ~[nacos-client-2.3.2.jar:na]
	at com.alibaba.nacos.shaded.io.grpc.netty.shaded.io.netty.util.concurrent.FastThreadLocalRunnable.run(FastThreadLocalRunnable.java:30) ~[nacos-client-2.3.2.jar:na]
	at java.base/java.lang.Thread.run(Thread.java:833) ~[na:na]
2025-12-11 23:19:57 - c.alibaba.nacos.common.remote.client - Send request fail, request = ConfigQueryRequest{headers={charset=UTF-8, Client-AppName=unknown, Client-RequestToken=a8073c174932089115a25a10e16375e4, Client-RequestTS=1765466397059, exConfigInfo=true, notify=false}, requestId='null'}, retryTimes = 1, errorMessage = Client not connected, current status:STARTING
2025-12-11 23:19:57 - c.alibaba.nacos.common.remote.client - Send request fail, request = ConfigQueryRequest{headers={charset=UTF-8, Client-AppName=unknown, Client-RequestToken=a8073c174932089115a25a10e16375e4, Client-RequestTS=1765466397059, exConfigInfo=true, notify=false}, requestId='null'}, retryTimes = 2, errorMessage = Client not connected, current status:STARTING
2025-12-11 23:19:57 - c.alibaba.nacos.common.remote.client - Send request fail, request = ConfigQueryRequest{headers={charset=UTF-8, Client-AppName=unknown, Client-RequestToken=a8073c174932089115a25a10e16375e4, Client-RequestTS=1765466397059, exConfigInfo=true, notify=false}, requestId='null'}, retryTimes = 3, errorMessage = Client not connected, current status:STARTING
2025-12-11 23:19:57 - c.a.n.c.config.NacosConfigService - [fixed-127.0.0.1_8848] [get-config] get from server error, dataId=medical-booking-system.properties, group=DEFAULT_GROUP, tenant=, msg=ErrCode:-401, ErrMsg:Client not connected, current status:STARTING
2025-12-11 23:19:57 - c.a.c.n.c.NacosPropertySourceBuilder - Ignore the empty nacos configuration and get it based on dataId[medical-booking-system.properties] & group[DEFAULT_GROUP]
2025-12-11 23:19:57 - c.a.c.n.c.NacosPropertySourceBuilder - get config from nacos, dataId: medical-booking-system-dev.properties, group: DEFAULT_GROUP
2025-12-11 23:19:57 - c.alibaba.nacos.common.remote.client - Send request fail, request = ConfigQueryRequest{headers={charset=UTF-8, Client-AppName=unknown, Client-RequestToken=1187be96ab7d677349f9dac1c973a63f, Client-RequestTS=1765466397479, exConfigInfo=true, notify=false}, requestId='null'}, retryTimes = 0, errorMessage = Client not connected, current status:STARTING
2025-12-11 23:19:57 - c.a.n.c.r.client.grpc.GrpcClient - Server check fail, please check server 127.0.0.1 ,port 9848 is available , error ={}
java.util.concurrent.ExecutionException: com.alibaba.nacos.shaded.io.grpc.StatusRuntimeException: UNAVAILABLE: io exception
	at com.alibaba.nacos.shaded.com.google.common.util.concurrent.AbstractFuture.getDoneValue(AbstractFuture.java:592) ~[nacos-client-2.3.2.jar:na]
	at com.alibaba.nacos.shaded.com.google.common.util.concurrent.AbstractFuture.get(AbstractFuture.java:467) ~[nacos-client-2.3.2.jar:na]
	at com.alibaba.nacos.common.remote.client.grpc.GrpcClient.serverCheck(GrpcClient.java:243) ~[nacos-client-2.3.2.jar:na]
	at com.alibaba.nacos.common.remote.client.grpc.GrpcClient.connectToServer(GrpcClient.java:367) ~[nacos-client-2.3.2.jar:na]
	at com.alibaba.nacos.common.remote.client.RpcClient.reconnect(RpcClient.java:502) ~[nacos-client-2.3.2.jar:na]
	at com.alibaba.nacos.common.remote.client.RpcClient.lambda$start$1(RpcClient.java:329) ~[nacos-client-2.3.2.jar:na]
	at java.base/java.util.concurrent.Executors$RunnableAdapter.call(Executors.java:539) ~[na:na]
	at java.base/java.util.concurrent.FutureTask.run(FutureTask.java:264) ~[na:na]
	at java.base/java.util.concurrent.ScheduledThreadPoolExecutor$ScheduledFutureTask.run(ScheduledThreadPoolExecutor.java:304) ~[na:na]
	at java.base/java.util.concurrent.ThreadPoolExecutor.runWorker(ThreadPoolExecutor.java:1136) ~[na:na]
	at java.base/java.util.concurrent.ThreadPoolExecutor$Worker.run(ThreadPoolExecutor.java:635) ~[na:na]
	at java.base/java.lang.Thread.run(Thread.java:833) ~[na:na]
Caused by: com.alibaba.nacos.shaded.io.grpc.StatusRuntimeException: UNAVAILABLE: io exception
	at com.alibaba.nacos.shaded.io.grpc.Status.asRuntimeException(Status.java:537) ~[nacos-client-2.3.2.jar:na]
	at com.alibaba.nacos.shaded.io.grpc.stub.ClientCalls$UnaryStreamToFuture.onClose(ClientCalls.java:548) ~[nacos-client-2.3.2.jar:na]
	at com.alibaba.nacos.shaded.io.grpc.internal.DelayedClientCall$DelayedListener$3.run(DelayedClientCall.java:489) ~[nacos-client-2.3.2.jar:na]
	at com.alibaba.nacos.shaded.io.grpc.internal.DelayedClientCall$DelayedListener.delayOrExecute(DelayedClientCall.java:453) ~[nacos-client-2.3.2.jar:na]
	at com.alibaba.nacos.shaded.io.grpc.internal.DelayedClientCall$DelayedListener.onClose(DelayedClientCall.java:486) ~[nacos-client-2.3.2.jar:na]
	at com.alibaba.nacos.shaded.io.grpc.internal.ClientCallImpl.closeObserver(ClientCallImpl.java:567) ~[nacos-client-2.3.2.jar:na]
	at com.alibaba.nacos.shaded.io.grpc.internal.ClientCallImpl.access$300(ClientCallImpl.java:71) ~[nacos-client-2.3.2.jar:na]
	at com.alibaba.nacos.shaded.io.grpc.internal.ClientCallImpl$ClientStreamListenerImpl$1StreamClosed.runInternal(ClientCallImpl.java:735) ~[nacos-client-2.3.2.jar:na]
	at com.alibaba.nacos.shaded.io.grpc.internal.ClientCallImpl$ClientStreamListenerImpl$1StreamClosed.runInContext(ClientCallImpl.java:716) ~[nacos-client-2.3.2.jar:na]
	at com.alibaba.nacos.shaded.io.grpc.internal.ContextRunnable.run(ContextRunnable.java:37) ~[nacos-client-2.3.2.jar:na]
	at com.alibaba.nacos.shaded.io.grpc.internal.SerializingExecutor.run(SerializingExecutor.java:133) ~[nacos-client-2.3.2.jar:na]
	... 3 common frames omitted
Caused by: com.alibaba.nacos.shaded.io.grpc.netty.shaded.io.netty.channel.AbstractChannel$AnnotatedSocketException: Operation not permitted: /127.0.0.1:9848
Caused by: java.net.SocketException: Operation not permitted
	at java.base/sun.nio.ch.Net.connect0(Native Method) ~[na:na]
	at java.base/sun.nio.ch.Net.connect(Net.java:579) ~[na:na]
	at java.base/sun.nio.ch.Net.connect(Net.java:586) ~[na:na]
	at java.base/sun.nio.ch.SocketChannelImpl.connect(SocketChannelImpl.java:853) ~[na:na]
	at com.alibaba.nacos.shaded.io.grpc.netty.shaded.io.netty.util.internal.SocketUtils$3.run(SocketUtils.java:91) ~[nacos-client-2.3.2.jar:na]
	at com.alibaba.nacos.shaded.io.grpc.netty.shaded.io.netty.util.internal.SocketUtils$3.run(SocketUtils.java:88) ~[nacos-client-2.3.2.jar:na]
	at java.base/java.security.AccessController.doPrivileged(AccessController.java:569) ~[na:na]
	at com.alibaba.nacos.shaded.io.grpc.netty.shaded.io.netty.util.internal.SocketUtils.connect(SocketUtils.java:88) ~[nacos-client-2.3.2.jar:na]
	at com.alibaba.nacos.shaded.io.grpc.netty.shaded.io.netty.channel.socket.nio.NioSocketChannel.doConnect(NioSocketChannel.java:322) ~[nacos-client-2.3.2.jar:na]
	at com.alibaba.nacos.shaded.io.grpc.netty.shaded.io.netty.channel.nio.AbstractNioChannel$AbstractNioUnsafe.connect(AbstractNioChannel.java:248) ~[nacos-client-2.3.2.jar:na]
	at com.alibaba.nacos.shaded.io.grpc.netty.shaded.io.netty.channel.DefaultChannelPipeline$HeadContext.connect(DefaultChannelPipeline.java:1342) ~[nacos-client-2.3.2.jar:na]
	at com.alibaba.nacos.shaded.io.grpc.netty.shaded.io.netty.channel.AbstractChannelHandlerContext.invokeConnect(AbstractChannelHandlerContext.java:653) ~[nacos-client-2.3.2.jar:na]
	at com.alibaba.nacos.shaded.io.grpc.netty.shaded.io.netty.channel.AbstractChannelHandlerContext.connect(AbstractChannelHandlerContext.java:632) ~[nacos-client-2.3.2.jar:na]
	at com.alibaba.nacos.shaded.io.grpc.netty.shaded.io.netty.channel.ChannelDuplexHandler.connect(ChannelDuplexHandler.java:54) ~[nacos-client-2.3.2.jar:na]
	at com.alibaba.nacos.shaded.io.grpc.netty.shaded.io.grpc.netty.WriteBufferingAndExceptionHandler.connect(WriteBufferingAndExceptionHandler.java:157) ~[nacos-client-2.3.2.jar:na]
	at com.alibaba.nacos.shaded.io.grpc.netty.shaded.io.netty.channel.AbstractChannelHandlerContext.invokeConnect(AbstractChannelHandlerContext.java:655) ~[nacos-client-2.3.2.jar:na]
	at com.alibaba.nacos.shaded.io.grpc.netty.shaded.io.netty.channel.AbstractChannelHandlerContext.access$1000(AbstractChannelHandlerContext.java:61) ~[nacos-client-2.3.2.jar:na]
	at com.alibaba.nacos.shaded.io.grpc.netty.shaded.io.netty.channel.AbstractChannelHandlerContext$9.run(AbstractChannelHandlerContext.java:637) ~[nacos-client-2.3.2.jar:na]
	at com.alibaba.nacos.shaded.io.grpc.netty.shaded.io.netty.util.concurrent.AbstractEventExecutor.runTask(AbstractEventExecutor.java:174) ~[nacos-client-2.3.2.jar:na]
	at com.alibaba.nacos.shaded.io.grpc.netty.shaded.io.netty.util.concurrent.AbstractEventExecutor.safeExecute(AbstractEventExecutor.java:167) ~[nacos-client-2.3.2.jar:na]
	at com.alibaba.nacos.shaded.io.grpc.netty.shaded.io.netty.util.concurrent.SingleThreadEventExecutor.runAllTasks(SingleThreadEventExecutor.java:470) ~[nacos-client-2.3.2.jar:na]
	at com.alibaba.nacos.shaded.io.grpc.netty.shaded.io.netty.channel.nio.NioEventLoop.run(NioEventLoop.java:569) ~[nacos-client-2.3.2.jar:na]
	at com.alibaba.nacos.shaded.io.grpc.netty.shaded.io.netty.util.concurrent.SingleThreadEventExecutor$4.run(SingleThreadEventExecutor.java:997) ~[nacos-client-2.3.2.jar:na]
	at com.alibaba.nacos.shaded.io.grpc.netty.shaded.io.netty.util.internal.ThreadExecutorMap$2.run(ThreadExecutorMap.java:74) ~[nacos-client-2.3.2.jar:na]
	at com.alibaba.nacos.shaded.io.grpc.netty.shaded.io.netty.util.concurrent.FastThreadLocalRunnable.run(FastThreadLocalRunnable.java:30) ~[nacos-client-2.3.2.jar:na]
	at java.base/java.lang.Thread.run(Thread.java:833) ~[na:na]
2025-12-11 23:19:57 - c.alibaba.nacos.common.remote.client - Send request fail, request = ConfigQueryRequest{headers={charset=UTF-8, Client-AppName=unknown, Client-RequestToken=1187be96ab7d677349f9dac1c973a63f, Client-RequestTS=1765466397479, exConfigInfo=true, notify=false}, requestId='null'}, retryTimes = 1, errorMessage = Client not connected, current status:STARTING
2025-12-11 23:19:57 - c.alibaba.nacos.common.remote.client - Send request fail, request = ConfigQueryRequest{headers={charset=UTF-8, Client-AppName=unknown, Client-RequestToken=1187be96ab7d677349f9dac1c973a63f, Client-RequestTS=1765466397479, exConfigInfo=true, notify=false}, requestId='null'}, retryTimes = 2, errorMessage = Client not connected, current status:STARTING
2025-12-11 23:19:57 - c.alibaba.nacos.common.remote.client - Send request fail, request = ConfigQueryRequest{headers={charset=UTF-8, Client-AppName=unknown, Client-RequestToken=1187be96ab7d677349f9dac1c973a63f, Client-RequestTS=1765466397479, exConfigInfo=true, notify=false}, requestId='null'}, retryTimes = 3, errorMessage = Client not connected, current status:STARTING
2025-12-11 23:19:57 - c.a.n.c.config.NacosConfigService - [fixed-127.0.0.1_8848] [get-config] get from server error, dataId=medical-booking-system-dev.properties, group=DEFAULT_GROUP, tenant=, msg=ErrCode:-401, ErrMsg:Client not connected, current status:STARTING
2025-12-11 23:19:57 - c.a.c.n.c.NacosPropertySourceBuilder - Ignore the empty nacos configuration and get it based on dataId[medical-booking-system-dev.properties] & group[DEFAULT_GROUP]
2025-12-11 23:19:57 - o.s.c.b.c.PropertySourceBootstrapConfiguration - Located property source: [BootstrapPropertySource@1451697023 {name='bootstrapProperties-medical-booking-system-dev.properties,DEFAULT_GROUP', properties={}}, BootstrapPropertySource@691609985 {name='bootstrapProperties-medical-booking-system.properties,DEFAULT_GROUP', properties={}}, BootstrapPropertySource@1150003498 {name='bootstrapProperties-medical-booking-system,DEFAULT_GROUP', properties={}}]
2025-12-11 23:19:57 - c.s.m.MedicalBookingApplication - The following 1 profile is active: "dev"
2025-12-11 23:19:58 - c.a.n.c.r.client.grpc.GrpcClient - Server check fail, please check server 127.0.0.1 ,port 9848 is available , error ={}
java.util.concurrent.ExecutionException: com.alibaba.nacos.shaded.io.grpc.StatusRuntimeException: UNAVAILABLE: io exception
	at com.alibaba.nacos.shaded.com.google.common.util.concurrent.AbstractFuture.getDoneValue(AbstractFuture.java:592) ~[nacos-client-2.3.2.jar:na]
	at com.alibaba.nacos.shaded.com.google.common.util.concurrent.AbstractFuture.get(AbstractFuture.java:467) ~[nacos-client-2.3.2.jar:na]
	at com.alibaba.nacos.common.remote.client.grpc.GrpcClient.serverCheck(GrpcClient.java:243) ~[nacos-client-2.3.2.jar:na]
	at com.alibaba.nacos.common.remote.client.grpc.GrpcClient.connectToServer(GrpcClient.java:367) ~[nacos-client-2.3.2.jar:na]
	at com.alibaba.nacos.common.remote.client.RpcClient.reconnect(RpcClient.java:502) ~[nacos-client-2.3.2.jar:na]
	at com.alibaba.nacos.common.remote.client.RpcClient.lambda$start$1(RpcClient.java:329) ~[nacos-client-2.3.2.jar:na]
	at java.base/java.util.concurrent.Executors$RunnableAdapter.call(Executors.java:539) ~[na:na]
	at java.base/java.util.concurrent.FutureTask.run(FutureTask.java:264) ~[na:na]
	at java.base/java.util.concurrent.ScheduledThreadPoolExecutor$ScheduledFutureTask.run(ScheduledThreadPoolExecutor.java:304) ~[na:na]
	at java.base/java.util.concurrent.ThreadPoolExecutor.runWorker(ThreadPoolExecutor.java:1136) ~[na:na]
	at java.base/java.util.concurrent.ThreadPoolExecutor$Worker.run(ThreadPoolExecutor.java:635) ~[na:na]
	at java.base/java.lang.Thread.run(Thread.java:833) ~[na:na]
Caused by: com.alibaba.nacos.shaded.io.grpc.StatusRuntimeException: UNAVAILABLE: io exception
	at com.alibaba.nacos.shaded.io.grpc.Status.asRuntimeException(Status.java:537) ~[nacos-client-2.3.2.jar:na]
	at com.alibaba.nacos.shaded.io.grpc.stub.ClientCalls$UnaryStreamToFuture.onClose(ClientCalls.java:548) ~[nacos-client-2.3.2.jar:na]
	at com.alibaba.nacos.shaded.io.grpc.internal.DelayedClientCall$DelayedListener$3.run(DelayedClientCall.java:489) ~[nacos-client-2.3.2.jar:na]
	at com.alibaba.nacos.shaded.io.grpc.internal.DelayedClientCall$DelayedListener.delayOrExecute(DelayedClientCall.java:453) ~[nacos-client-2.3.2.jar:na]
	at com.alibaba.nacos.shaded.io.grpc.internal.DelayedClientCall$DelayedListener.onClose(DelayedClientCall.java:486) ~[nacos-client-2.3.2.jar:na]
	at com.alibaba.nacos.shaded.io.grpc.internal.ClientCallImpl.closeObserver(ClientCallImpl.java:567) ~[nacos-client-2.3.2.jar:na]
	at com.alibaba.nacos.shaded.io.grpc.internal.ClientCallImpl.access$300(ClientCallImpl.java:71) ~[nacos-client-2.3.2.jar:na]
	at com.alibaba.nacos.shaded.io.grpc.internal.ClientCallImpl$ClientStreamListenerImpl$1StreamClosed.runInternal(ClientCallImpl.java:735) ~[nacos-client-2.3.2.jar:na]
	at com.alibaba.nacos.shaded.io.grpc.internal.ClientCallImpl$ClientStreamListenerImpl$1StreamClosed.runInContext(ClientCallImpl.java:716) ~[nacos-client-2.3.2.jar:na]
	at com.alibaba.nacos.shaded.io.grpc.internal.ContextRunnable.run(ContextRunnable.java:37) ~[nacos-client-2.3.2.jar:na]
	at com.alibaba.nacos.shaded.io.grpc.internal.SerializingExecutor.run(SerializingExecutor.java:133) ~[nacos-client-2.3.2.jar:na]
	... 3 common frames omitted
Caused by: com.alibaba.nacos.shaded.io.grpc.netty.shaded.io.netty.channel.AbstractChannel$AnnotatedSocketException: Operation not permitted: /127.0.0.1:9848
Caused by: java.net.SocketException: Operation not permitted
	at java.base/sun.nio.ch.Net.connect0(Native Method) ~[na:na]
	at java.base/sun.nio.ch.Net.connect(Net.java:579) ~[na:na]
	at java.base/sun.nio.ch.Net.connect(Net.java:586) ~[na:na]
	at java.base/sun.nio.ch.SocketChannelImpl.connect(SocketChannelImpl.java:853) ~[na:na]
	at com.alibaba.nacos.shaded.io.grpc.netty.shaded.io.netty.util.internal.SocketUtils$3.run(SocketUtils.java:91) ~[nacos-client-2.3.2.jar:na]
	at com.alibaba.nacos.shaded.io.grpc.netty.shaded.io.netty.util.internal.SocketUtils$3.run(SocketUtils.java:88) ~[nacos-client-2.3.2.jar:na]
	at java.base/java.security.AccessController.doPrivileged(AccessController.java:569) ~[na:na]
	at com.alibaba.nacos.shaded.io.grpc.netty.shaded.io.netty.util.internal.SocketUtils.connect(SocketUtils.java:88) ~[nacos-client-2.3.2.jar:na]
	at com.alibaba.nacos.shaded.io.grpc.netty.shaded.io.netty.channel.socket.nio.NioSocketChannel.doConnect(NioSocketChannel.java:322) ~[nacos-client-2.3.2.jar:na]
	at com.alibaba.nacos.shaded.io.grpc.netty.shaded.io.netty.channel.nio.AbstractNioChannel$AbstractNioUnsafe.connect(AbstractNioChannel.java:248) ~[nacos-client-2.3.2.jar:na]
	at com.alibaba.nacos.shaded.io.grpc.netty.shaded.io.netty.channel.DefaultChannelPipeline$HeadContext.connect(DefaultChannelPipeline.java:1342) ~[nacos-client-2.3.2.jar:na]
	at com.alibaba.nacos.shaded.io.grpc.netty.shaded.io.netty.channel.AbstractChannelHandlerContext.invokeConnect(AbstractChannelHandlerContext.java:653) ~[nacos-client-2.3.2.jar:na]
	at com.alibaba.nacos.shaded.io.grpc.netty.shaded.io.netty.channel.AbstractChannelHandlerContext.connect(AbstractChannelHandlerContext.java:632) ~[nacos-client-2.3.2.jar:na]
	at com.alibaba.nacos.shaded.io.grpc.netty.shaded.io.netty.channel.ChannelDuplexHandler.connect(ChannelDuplexHandler.java:54) ~[nacos-client-2.3.2.jar:na]
	at com.alibaba.nacos.shaded.io.grpc.netty.shaded.io.grpc.netty.WriteBufferingAndExceptionHandler.connect(WriteBufferingAndExceptionHandler.java:157) ~[nacos-client-2.3.2.jar:na]
	at com.alibaba.nacos.shaded.io.grpc.netty.shaded.io.netty.channel.AbstractChannelHandlerContext.invokeConnect(AbstractChannelHandlerContext.java:655) ~[nacos-client-2.3.2.jar:na]
	at com.alibaba.nacos.shaded.io.grpc.netty.shaded.io.netty.channel.AbstractChannelHandlerContext.access$1000(AbstractChannelHandlerContext.java:61) ~[nacos-client-2.3.2.jar:na]
	at com.alibaba.nacos.shaded.io.grpc.netty.shaded.io.netty.channel.AbstractChannelHandlerContext$9.run(AbstractChannelHandlerContext.java:637) ~[nacos-client-2.3.2.jar:na]
	at com.alibaba.nacos.shaded.io.grpc.netty.shaded.io.netty.util.concurrent.AbstractEventExecutor.runTask(AbstractEventExecutor.java:174) ~[nacos-client-2.3.2.jar:na]
	at com.alibaba.nacos.shaded.io.grpc.netty.shaded.io.netty.util.concurrent.AbstractEventExecutor.safeExecute(AbstractEventExecutor.java:167) ~[nacos-client-2.3.2.jar:na]
	at com.alibaba.nacos.shaded.io.grpc.netty.shaded.io.netty.util.concurrent.SingleThreadEventExecutor.runAllTasks(SingleThreadEventExecutor.java:470) ~[nacos-client-2.3.2.jar:na]
	at com.alibaba.nacos.shaded.io.grpc.netty.shaded.io.netty.channel.nio.NioEventLoop.run(NioEventLoop.java:569) ~[nacos-client-2.3.2.jar:na]
	at com.alibaba.nacos.shaded.io.grpc.netty.shaded.io.netty.util.concurrent.SingleThreadEventExecutor$4.run(SingleThreadEventExecutor.java:997) ~[nacos-client-2.3.2.jar:na]
	at com.alibaba.nacos.shaded.io.grpc.netty.shaded.io.netty.util.internal.ThreadExecutorMap$2.run(ThreadExecutorMap.java:74) ~[nacos-client-2.3.2.jar:na]
	at com.alibaba.nacos.shaded.io.grpc.netty.shaded.io.netty.util.concurrent.FastThreadLocalRunnable.run(FastThreadLocalRunnable.java:30) ~[nacos-client-2.3.2.jar:na]
	at java.base/java.lang.Thread.run(Thread.java:833) ~[na:na]
2025-12-11 23:19:58 - o.s.d.r.c.RepositoryConfigurationDelegate - Multiple Spring Data modules found, entering strict repository configuration mode
2025-12-11 23:19:58 - o.s.d.r.c.RepositoryConfigurationDelegate - Bootstrapping Spring Data JPA repositories in DEFAULT mode.
2025-12-11 23:19:58 - o.s.d.r.c.RepositoryConfigurationDelegate - Finished Spring Data repository scanning in 80 ms. Found 6 JPA repository interfaces.
2025-12-11 23:19:58 - o.s.d.r.c.RepositoryConfigurationDelegate - Multiple Spring Data modules found, entering strict repository configuration mode
2025-12-11 23:19:58 - o.s.d.r.c.RepositoryConfigurationDelegate - Bootstrapping Spring Data Redis repositories in DEFAULT mode.
2025-12-11 23:19:58 - o.s.d.r.c.RepositoryConfigurationExtensionSupport - Spring Data Redis - Could not safely identify store assignment for repository candidate interface com.sayrain.medicalbooking.repository.AppointmentRepository; If you want this repository to be a Redis repository, consider annotating your entities with one of these annotations: org.springframework.data.redis.core.RedisHash (preferred), or consider extending one of the following types with your repository: org.springframework.data.keyvalue.repository.KeyValueRepository
2025-12-11 23:19:58 - o.s.d.r.c.RepositoryConfigurationExtensionSupport - Spring Data Redis - Could not safely identify store assignment for repository candidate interface com.sayrain.medicalbooking.repository.DepartmentRepository; If you want this repository to be a Redis repository, consider annotating your entities with one of these annotations: org.springframework.data.redis.core.RedisHash (preferred), or consider extending one of the following types with your repository: org.springframework.data.keyvalue.repository.KeyValueRepository
2025-12-11 23:19:58 - o.s.d.r.c.RepositoryConfigurationExtensionSupport - Spring Data Redis - Could not safely identify store assignment for repository candidate interface com.sayrain.medicalbooking.repository.DoctorRepository; If you want this repository to be a Redis repository, consider annotating your entities with one of these annotations: org.springframework.data.redis.core.RedisHash (preferred), or consider extending one of the following types with your repository: org.springframework.data.keyvalue.repository.KeyValueRepository
2025-12-11 23:19:58 - o.s.d.r.c.RepositoryConfigurationExtensionSupport - Spring Data Redis - Could not safely identify store assignment for repository candidate interface com.sayrain.medicalbooking.repository.PatientRepository; If you want this repository to be a Redis repository, consider annotating your entities with one of these annotations: org.springframework.data.redis.core.RedisHash (preferred), or consider extending one of the following types with your repository: org.springframework.data.keyvalue.repository.KeyValueRepository
2025-12-11 23:19:58 - o.s.d.r.c.RepositoryConfigurationExtensionSupport - Spring Data Redis - Could not safely identify store assignment for repository candidate interface com.sayrain.medicalbooking.repository.ScheduleRepository; If you want this repository to be a Redis repository, consider annotating your entities with one of these annotations: org.springframework.data.redis.core.RedisHash (preferred), or consider extending one of the following types with your repository: org.springframework.data.keyvalue.repository.KeyValueRepository
2025-12-11 23:19:58 - o.s.d.r.c.RepositoryConfigurationExtensionSupport - Spring Data Redis - Could not safely identify store assignment for repository candidate interface com.sayrain.medicalbooking.repository.UserRepository; If you want this repository to be a Redis repository, consider annotating your entities with one of these annotations: org.springframework.data.redis.core.RedisHash (preferred), or consider extending one of the following types with your repository: org.springframework.data.keyvalue.repository.KeyValueRepository
2025-12-11 23:19:58 - o.s.d.r.c.RepositoryConfigurationDelegate - Finished Spring Data repository scanning in 3 ms. Found 0 Redis repository interfaces.
2025-12-11 23:19:58 - c.a.n.c.r.client.grpc.GrpcClient - Server check fail, please check server 127.0.0.1 ,port 9848 is available , error ={}
java.util.concurrent.ExecutionException: com.alibaba.nacos.shaded.io.grpc.StatusRuntimeException: UNAVAILABLE: io exception
	at com.alibaba.nacos.shaded.com.google.common.util.concurrent.AbstractFuture.getDoneValue(AbstractFuture.java:592) ~[nacos-client-2.3.2.jar:na]
	at com.alibaba.nacos.shaded.com.google.common.util.concurrent.AbstractFuture.get(AbstractFuture.java:467) ~[nacos-client-2.3.2.jar:na]
	at com.alibaba.nacos.common.remote.client.grpc.GrpcClient.serverCheck(GrpcClient.java:243) ~[nacos-client-2.3.2.jar:na]
	at com.alibaba.nacos.common.remote.client.grpc.GrpcClient.connectToServer(GrpcClient.java:367) ~[nacos-client-2.3.2.jar:na]
	at com.alibaba.nacos.common.remote.client.RpcClient.reconnect(RpcClient.java:502) ~[nacos-client-2.3.2.jar:na]
	at com.alibaba.nacos.common.remote.client.RpcClient.lambda$start$1(RpcClient.java:329) ~[nacos-client-2.3.2.jar:na]
	at java.base/java.util.concurrent.Executors$RunnableAdapter.call(Executors.java:539) ~[na:na]
	at java.base/java.util.concurrent.FutureTask.run(FutureTask.java:264) ~[na:na]
	at java.base/java.util.concurrent.ScheduledThreadPoolExecutor$ScheduledFutureTask.run(ScheduledThreadPoolExecutor.java:304) ~[na:na]
	at java.base/java.util.concurrent.ThreadPoolExecutor.runWorker(ThreadPoolExecutor.java:1136) ~[na:na]
	at java.base/java.util.concurrent.ThreadPoolExecutor$Worker.run(ThreadPoolExecutor.java:635) ~[na:na]
	at java.base/java.lang.Thread.run(Thread.java:833) ~[na:na]
Caused by: com.alibaba.nacos.shaded.io.grpc.StatusRuntimeException: UNAVAILABLE: io exception
	at com.alibaba.nacos.shaded.io.grpc.Status.asRuntimeException(Status.java:537) ~[nacos-client-2.3.2.jar:na]
	at com.alibaba.nacos.shaded.io.grpc.stub.ClientCalls$UnaryStreamToFuture.onClose(ClientCalls.java:548) ~[nacos-client-2.3.2.jar:na]
	at com.alibaba.nacos.shaded.io.grpc.internal.DelayedClientCall$DelayedListener$3.run(DelayedClientCall.java:489) ~[nacos-client-2.3.2.jar:na]
	at com.alibaba.nacos.shaded.io.grpc.internal.DelayedClientCall$DelayedListener.delayOrExecute(DelayedClientCall.java:453) ~[nacos-client-2.3.2.jar:na]
	at com.alibaba.nacos.shaded.io.grpc.internal.DelayedClientCall$DelayedListener.onClose(DelayedClientCall.java:486) ~[nacos-client-2.3.2.jar:na]
	at com.alibaba.nacos.shaded.io.grpc.internal.ClientCallImpl.closeObserver(ClientCallImpl.java:567) ~[nacos-client-2.3.2.jar:na]
	at com.alibaba.nacos.shaded.io.grpc.internal.ClientCallImpl.access$300(ClientCallImpl.java:71) ~[nacos-client-2.3.2.jar:na]
	at com.alibaba.nacos.shaded.io.grpc.internal.ClientCallImpl$ClientStreamListenerImpl$1StreamClosed.runInternal(ClientCallImpl.java:735) ~[nacos-client-2.3.2.jar:na]
	at com.alibaba.nacos.shaded.io.grpc.internal.ClientCallImpl$ClientStreamListenerImpl$1StreamClosed.runInContext(ClientCallImpl.java:716) ~[nacos-client-2.3.2.jar:na]
	at com.alibaba.nacos.shaded.io.grpc.internal.ContextRunnable.run(ContextRunnable.java:37) ~[nacos-client-2.3.2.jar:na]
	at com.alibaba.nacos.shaded.io.grpc.internal.SerializingExecutor.run(SerializingExecutor.java:133) ~[nacos-client-2.3.2.jar:na]
	... 3 common frames omitted
Caused by: com.alibaba.nacos.shaded.io.grpc.netty.shaded.io.netty.channel.AbstractChannel$AnnotatedSocketException: Operation not permitted: /127.0.0.1:9848
Caused by: java.net.SocketException: Operation not permitted
	at java.base/sun.nio.ch.Net.connect0(Native Method) ~[na:na]
	at java.base/sun.nio.ch.Net.connect(Net.java:579) ~[na:na]
	at java.base/sun.nio.ch.Net.connect(Net.java:586) ~[na:na]
	at java.base/sun.nio.ch.SocketChannelImpl.connect(SocketChannelImpl.java:853) ~[na:na]
	at com.alibaba.nacos.shaded.io.grpc.netty.shaded.io.netty.util.internal.SocketUtils$3.run(SocketUtils.java:91) ~[nacos-client-2.3.2.jar:na]
	at com.alibaba.nacos.shaded.io.grpc.netty.shaded.io.netty.util.internal.SocketUtils$3.run(SocketUtils.java:88) ~[nacos-client-2.3.2.jar:na]
	at java.base/java.security.AccessController.doPrivileged(AccessController.java:569) ~[na:na]
	at com.alibaba.nacos.shaded.io.grpc.netty.shaded.io.netty.util.internal.SocketUtils.connect(SocketUtils.java:88) ~[nacos-client-2.3.2.jar:na]
	at com.alibaba.nacos.shaded.io.grpc.netty.shaded.io.netty.channel.socket.nio.NioSocketChannel.doConnect(NioSocketChannel.java:322) ~[nacos-client-2.3.2.jar:na]
	at com.alibaba.nacos.shaded.io.grpc.netty.shaded.io.netty.channel.nio.AbstractNioChannel$AbstractNioUnsafe.connect(AbstractNioChannel.java:248) ~[nacos-client-2.3.2.jar:na]
	at com.alibaba.nacos.shaded.io.grpc.netty.shaded.io.netty.channel.DefaultChannelPipeline$HeadContext.connect(DefaultChannelPipeline.java:1342) ~[nacos-client-2.3.2.jar:na]
	at com.alibaba.nacos.shaded.io.grpc.netty.shaded.io.netty.channel.AbstractChannelHandlerContext.invokeConnect(AbstractChannelHandlerContext.java:653) ~[nacos-client-2.3.2.jar:na]
	at com.alibaba.nacos.shaded.io.grpc.netty.shaded.io.netty.channel.AbstractChannelHandlerContext.connect(AbstractChannelHandlerContext.java:632) ~[nacos-client-2.3.2.jar:na]
	at com.alibaba.nacos.shaded.io.grpc.netty.shaded.io.netty.channel.ChannelDuplexHandler.connect(ChannelDuplexHandler.java:54) ~[nacos-client-2.3.2.jar:na]
	at com.alibaba.nacos.shaded.io.grpc.netty.shaded.io.grpc.netty.WriteBufferingAndExceptionHandler.connect(WriteBufferingAndExceptionHandler.java:157) ~[nacos-client-2.3.2.jar:na]
	at com.alibaba.nacos.shaded.io.grpc.netty.shaded.io.netty.channel.AbstractChannelHandlerContext.invokeConnect(AbstractChannelHandlerContext.java:655) ~[nacos-client-2.3.2.jar:na]
	at com.alibaba.nacos.shaded.io.grpc.netty.shaded.io.netty.channel.AbstractChannelHandlerContext.access$1000(AbstractChannelHandlerContext.java:61) ~[nacos-client-2.3.2.jar:na]
	at com.alibaba.nacos.shaded.io.grpc.netty.shaded.io.netty.channel.AbstractChannelHandlerContext$9.run(AbstractChannelHandlerContext.java:637) ~[nacos-client-2.3.2.jar:na]
	at com.alibaba.nacos.shaded.io.grpc.netty.shaded.io.netty.util.concurrent.AbstractEventExecutor.runTask(AbstractEventExecutor.java:174) ~[nacos-client-2.3.2.jar:na]
	at com.alibaba.nacos.shaded.io.grpc.netty.shaded.io.netty.util.concurrent.AbstractEventExecutor.safeExecute(AbstractEventExecutor.java:167) ~[nacos-client-2.3.2.jar:na]
	at com.alibaba.nacos.shaded.io.grpc.netty.shaded.io.netty.util.concurrent.SingleThreadEventExecutor.runAllTasks(SingleThreadEventExecutor.java:470) ~[nacos-client-2.3.2.jar:na]
	at com.alibaba.nacos.shaded.io.grpc.netty.shaded.io.netty.channel.nio.NioEventLoop.run(NioEventLoop.java:569) ~[nacos-client-2.3.2.jar:na]
	at com.alibaba.nacos.shaded.io.grpc.netty.shaded.io.netty.util.concurrent.SingleThreadEventExecutor$4.run(SingleThreadEventExecutor.java:997) ~[nacos-client-2.3.2.jar:na]
	at com.alibaba.nacos.shaded.io.grpc.netty.shaded.io.netty.util.internal.ThreadExecutorMap$2.run(ThreadExecutorMap.java:74) ~[nacos-client-2.3.2.jar:na]
	at com.alibaba.nacos.shaded.io.grpc.netty.shaded.io.netty.util.concurrent.FastThreadLocalRunnable.run(FastThreadLocalRunnable.java:30) ~[nacos-client-2.3.2.jar:na]
	at java.base/java.lang.Thread.run(Thread.java:833) ~[na:na]
2025-12-11 23:19:58 - o.s.cloud.context.scope.GenericScope - Generating bean factory id from names: [additionalModelsConverter, aiChatController, aiChatServiceImpl, aiConfig, applicationAvailability, applicationTaskExecutor, appointmentController, appointmentRepository, appointmentServiceImpl, authController, authServiceImpl, authenticationEventPublisher, authenticationManager, authenticationManagerBuilder, basicErrorController, beanNameHandlerMapping, beanNameViewResolver, bootstrapApplicationListener.BootstrapMarkerConfiguration, cacheConfig, cacheInterceptor, cacheManager, cacheMetricsRegistrar, cacheMonitor, cacheOperationSource, cachePerformanceTester, characterEncodingFilter, chatClient, chatClientBuilder, chatClientBuilderConfigurer, chatController, chatHistoryController, chatMemory, chatModelMeterObservationHandler, classLoaderMetrics, classPathFileSystemWatcher, classPathRestartStrategy, com.alibaba.cloud.circuitbreaker.sentinel.ReactiveSentinelCircuitBreakerAutoConfiguration, com.alibaba.cloud.circuitbreaker.sentinel.SentinelCircuitBreakerAutoConfiguration, com.alibaba.cloud.sentinel.SentinelWebAutoConfiguration, com.alibaba.cloud.sentinel.custom.SentinelAutoConfiguration, com.alibaba.cloud.sentinel.custom.SentinelAutoConfiguration$SentinelConverterConfiguration, com.alibaba.cloud.sentinel.custom.SentinelAutoConfiguration$SentinelConverterConfiguration$SentinelJsonConfiguration, com.alibaba.cloud.sentinel.endpoint.SentinelEndpointAutoConfiguration, compositeCompatibilityVerifier, compositeDiscoveryClient, conditionEvaluationDeltaLoggingListener, configurationPropertiesBeans, configurationPropertiesRebinder, controllerEndpointDiscoverer, controllerEndpointHandlerMapping, controllerExposeExcludePropertyEndpointFilter, conventionErrorViewResolver, conversionServicePostProcessor, corsConfigurationSource, customKeyGenerator, customOpenAPI, customUserDetailsServiceImpl, data-jpa.repository-aot-processor#0, data-redis.repository-aot-processor#0, dataSource, dataSourcePoolMetadataMeterBinder, dataSourceScriptDatabaseInitializer, dbHealthContributor, defaultCodecCustomizer, defaultMeterObservationHandler, defaultServletHandlerMapping, defaultViewResolver, defaultsBindHandlerAdvisor, delegatingApplicationListener, delegatingMethodParameterCustomizer, departmentController, departmentRepository, departmentServiceImpl, discoveryClientHealthIndicator, discoveryCompositeHealthContributor, diskSpaceHealthIndicator, diskSpaceMetrics, dispatcherServlet, dispatcherServletRegistration, doctorController, doctorRepository, doctorServiceImpl, eagerTaskExecutorMetrics, emBeanDefinitionRegistrarPostProcessor, embeddingModelMeterObservationHandler, enableGlobalAuthenticationAutowiredConfigurer, endpointCachingOperationInvokerAdvisor, endpointMediaTypes, endpointObjectMapper, endpointObjectMapperWebMvcConfigurer, endpointOperationParameterMapper, entityManagerFactory, entityManagerFactoryBuilder, environmentManager, error, errorAttributes, errorPageCustomizer, errorPageRegistrarBeanPostProcessor, exchangeStrategiesCustomizer, fileDescriptorMetrics, fileStorageServiceImpl, fileSupportConverter, fileSystemWatcherFactory, fileUploadConfig, fileUploadController, fileWatcher, filterChain, flashMapManager, formContentFilter, genericReturnTypeParser, globalExceptionHandler, h2Console, handlerExceptionResolver, handlerFunctionAdapter, healthContributorRegistry, healthEndpoint, healthEndpointGroupMembershipValidator, healthEndpointGroups, healthEndpointGroupsBeanPostProcessor, healthEndpointWebExtension, healthEndpointWebMvcHandlerMapping, healthHttpCodeStatusMapper, healthStatusAggregator, hikariDataSourceMeterBinder, hikariPoolDataSourceMetadataProvider, httpMessageConvertersRestClientCustomizer, httpRequestHandlerAdapter, inMemoryChatHistoryImpl, inMemoryDatabaseShutdownExecutor, indexPageTransformer, inetUtils, inetUtilsProperties, infoEndpoint, initializeAuthenticationProviderBeanManagerConfigurer, initializeUserDetailsBeanManagerConfigurer, jacksonCodecCustomizer, jacksonConfig, jacksonGeoModule, jacksonObjectMapperBuilder, jdbcClient, jdbcConnectionDetails, jdbcConnectionDetailsHikariBeanPostProcessor, jdbcTemplate, jdkClientHttpConnectorFactory, jpa.AppointmentRepository.fragments#0, jpa.DepartmentRepository.fragments#0, jpa.DoctorRepository.fragments#0, jpa.PatientRepository.fragments#0, jpa.ScheduleRepository.fragments#0, jpa.UserRepository.fragments#0, jpa.named-queries#0, jpa.named-queries#1, jpa.named-queries#2, jpa.named-queries#3, jpa.named-queries#4, jpa.named-queries#5, jpaContext, jpaMappingContext, jpaSharedEM_entityManagerFactory, jpaVendorAdapter, jsonComponentModule, jsonCustomizer, jsonMixinModule, jsonMixinModuleEntries, jvmCompilationMetrics, jvmGcMetrics, jvmHeapPressureMetrics, jvmInfoMetrics, jvmMemoryMetrics, jvmThreadMetrics, jwtAuthenticationFilter, jwtUtil, keyValueMappingContext, legacyContextRefresher, lettuceClientResources, lettuceMetrics, lifecycleProcessor, liveReloadServer, liveReloadServerEventListener, loadBalancerClientsDefaultsMappingsProvider, localSpringDocParameterNameDiscoverer, localeCharsetMappingsCustomizer, localeResolver, logbackMetrics, loggingRebinder, management.endpoint.health-org.springframework.boot.actuate.autoconfigure.health.HealthEndpointProperties, management.endpoints.web-org.springframework.boot.actuate.autoconfigure.endpoint.web.WebEndpointProperties, management.endpoints.web.cors-org.springframework.boot.actuate.autoconfigure.endpoint.web.CorsEndpointProperties, management.health.db-org.springframework.boot.actuate.autoconfigure.jdbc.DataSourceHealthIndicatorProperties, management.health.diskspace-org.springframework.boot.actuate.autoconfigure.system.DiskSpaceHealthIndicatorProperties, management.info-org.springframework.boot.actuate.autoconfigure.info.InfoContributorProperties, management.metrics-org.springframework.boot.actuate.autoconfigure.metrics.MetricsProperties, management.observations-org.springframework.boot.actuate.autoconfigure.observation.ObservationProperties, management.server-org.springframework.boot.actuate.autoconfigure.web.server.ManagementServerProperties, management.simple.metrics.export-org.springframework.boot.actuate.autoconfigure.metrics.export.simple.SimpleProperties, managementServletContext, mappingJackson2HttpMessageConverter, medicalBookingApplication, messageConverters, meterRegistryCloser, meterRegistryPostProcessor, metricsEndpoint, metricsHttpClientUriTagFilter, metricsHttpServerUriTagFilter, metricsObservationHandlerGrouping, metricsRepositoryMethodInvocationListener, metricsRepositoryMethodInvocationListenerBeanPostProcessor, micrometerClock, micrometerOptions, modelConverterRegistrar, multipartConfigElement, multipartResolver, mvcConfiguration, mvcContentNegotiationManager, mvcConversionService, mvcHandlerMappingIntrospector, mvcHandlerMappingIntrospectorRequestTransformer, mvcPathMatcher, mvcPatternParser, mvcResourceUrlProvider, mvcUriComponentsContributor, mvcUrlPathHelper, mvcValidator, mvcViewResolver, namedParameterJdbcTemplate, notificationPublisher, objectMapper, objectPostProcessor, observabilitySchedulingConfigurer, observationRegistry, observationRegistryPostProcessor, observationRestClientCustomizer, observationRestTemplateCustomizer, observationWebClientCustomizer, observedAspect, offsetResolver, ollamaApi, ollamaChatModel, ollamaConnectionDetails, ollamaEmbeddingModel, openAPIBuilder, openApiResource, openEntityManagerInViewInterceptor, openEntityManagerInViewInterceptorConfigurer, operationBuilder, optionalLiveReloadServer, org.springdoc.core.configuration.SpringDocConfiguration, org.springdoc.core.configuration.SpringDocConfiguration$OpenApiResourceAdvice, org.springdoc.core.configuration.SpringDocConfiguration$QuerydslProvider, org.springdoc.core.configuration.SpringDocConfiguration$SpringDocSpringDataWebPropertiesProvider, org.springdoc.core.configuration.SpringDocConfiguration$SpringDocWebFluxSupportConfiguration, org.springdoc.core.configuration.SpringDocConfiguration$WebConversionServiceConfiguration, org.springdoc.core.configuration.SpringDocPageableConfiguration, org.springdoc.core.configuration.SpringDocSecurityConfiguration, org.springdoc.core.configuration.SpringDocSecurityConfiguration$SpringSecurityLoginEndpointConfiguration, org.springdoc.core.configuration.SpringDocSortConfiguration, org.springdoc.core.configuration.SpringDocUIConfiguration, org.springdoc.core.properties.SpringDocConfigProperties, org.springdoc.core.properties.SwaggerUiConfigParameters, org.springdoc.core.properties.SwaggerUiConfigProperties, org.springdoc.core.properties.SwaggerUiOAuthProperties, org.springdoc.webmvc.core.configuration.SpringDocWebMvcConfiguration, org.springdoc.webmvc.core.configuration.SpringDocWebMvcConfiguration$SpringDocWebMvcActuatorConfiguration, org.springdoc.webmvc.core.configuration.SpringDocWebMvcConfiguration$SpringDocWebMvcRouterConfiguration, org.springdoc.webmvc.ui.SwaggerConfig, org.springframework.ai.autoconfigure.chat.client.ChatClientAutoConfiguration, org.springframework.ai.autoconfigure.chat.model.ToolCallingAutoConfiguration, org.springframework.ai.autoconfigure.chat.observation.ChatObservationAutoConfiguration, org.springframework.ai.autoconfigure.chat.observation.ChatObservationAutoConfiguration$FallbackChatContentObservationConfiguration, org.springframework.ai.autoconfigure.embedding.observation.EmbeddingObservationAutoConfiguration, org.springframework.ai.autoconfigure.image.observation.ImageObservationAutoConfiguration, org.springframework.ai.autoconfigure.ollama.OllamaAutoConfiguration, org.springframework.ai.autoconfigure.retry.SpringAiRetryAutoConfiguration, org.springframework.ai.autoconfigure.vectorstore.observation.VectorStoreObservationAutoConfiguration, org.springframework.ai.autoconfigure.vectorstore.observation.VectorStoreObservationAutoConfiguration$FallbackVectorStoreQueryResponseContentObservationConfiguration, org.springframework.aop.config.internalAutoProxyCreator, org.springframework.boot.actuate.autoconfigure.availability.AvailabilityHealthContributorAutoConfiguration, org.springframework.boot.actuate.autoconfigure.data.redis.RedisHealthContributorAutoConfiguration, org.springframework.boot.actuate.autoconfigure.data.redis.RedisReactiveHealthContributorAutoConfiguration, org.springframework.boot.actuate.autoconfigure.endpoint.EndpointAutoConfiguration, org.springframework.boot.actuate.autoconfigure.endpoint.jackson.JacksonEndpointAutoConfiguration, org.springframework.boot.actuate.autoconfigure.endpoint.web.ServletEndpointManagementContextConfiguration, org.springframework.boot.actuate.autoconfigure.endpoint.web.ServletEndpointManagementContextConfiguration$WebMvcServletEndpointManagementContextConfiguration, org.springframework.boot.actuate.autoconfigure.endpoint.web.WebEndpointAutoConfiguration, org.springframework.boot.actuate.autoconfigure.endpoint.web.WebEndpointAutoConfiguration$WebEndpointServletConfiguration, org.springframework.boot.actuate.autoconfigure.endpoint.web.servlet.WebMvcEndpointManagementContextConfiguration, org.springframework.boot.actuate.autoconfigure.health.HealthContributorAutoConfiguration, org.springframework.boot.actuate.autoconfigure.health.HealthEndpointAutoConfiguration, org.springframework.boot.actuate.autoconfigure.health.HealthEndpointConfiguration, org.springframework.boot.actuate.autoconfigure.health.HealthEndpointWebExtensionConfiguration, org.springframework.boot.actuate.autoconfigure.health.HealthEndpointWebExtensionConfiguration$MvcAdditionalHealthEndpointPathsConfiguration, org.springframework.boot.actuate.autoconfigure.health.ReactiveHealthEndpointConfiguration, org.springframework.boot.actuate.autoconfigure.info.InfoContributorAutoConfiguration, org.springframework.boot.actuate.autoconfigure.info.InfoEndpointAutoConfiguration, org.springframework.boot.actuate.autoconfigure.jdbc.DataSourceHealthContributorAutoConfiguration, org.springframework.boot.actuate.autoconfigure.metrics.CompositeMeterRegistryAutoConfiguration, org.springframework.boot.actuate.autoconfigure.metrics.JvmMetricsAutoConfiguration, org.springframework.boot.actuate.autoconfigure.metrics.LogbackMetricsAutoConfiguration, org.springframework.boot.actuate.autoconfigure.metrics.MetricsAutoConfiguration, org.springframework.boot.actuate.autoconfigure.metrics.MetricsEndpointAutoConfiguration, org.springframework.boot.actuate.autoconfigure.metrics.SystemMetricsAutoConfiguration, org.springframework.boot.actuate.autoconfigure.metrics.cache.CacheMeterBinderProvidersConfiguration, org.springframework.boot.actuate.autoconfigure.metrics.cache.CacheMeterBinderProvidersConfiguration$RedisCacheMeterBinderProviderConfiguration, org.springframework.boot.actuate.autoconfigure.metrics.cache.CacheMetricsAutoConfiguration, org.springframework.boot.actuate.autoconfigure.metrics.cache.CacheMetricsRegistrarConfiguration, org.springframework.boot.actuate.autoconfigure.metrics.data.RepositoryMetricsAutoConfiguration, org.springframework.boot.actuate.autoconfigure.metrics.export.simple.SimpleMetricsExportAutoConfiguration, org.springframework.boot.actuate.autoconfigure.metrics.integration.IntegrationMetricsAutoConfiguration, org.springframework.boot.actuate.autoconfigure.metrics.jdbc.DataSourcePoolMetricsAutoConfiguration, org.springframework.boot.actuate.autoconfigure.metrics.jdbc.DataSourcePoolMetricsAutoConfiguration$DataSourcePoolMetadataMetricsConfiguration, org.springframework.boot.actuate.autoconfigure.metrics.jdbc.DataSourcePoolMetricsAutoConfiguration$HikariDataSourceMetricsConfiguration, org.springframework.boot.actuate.autoconfigure.metrics.redis.LettuceMetricsAutoConfiguration, org.springframework.boot.actuate.autoconfigure.metrics.startup.StartupTimeMetricsListenerAutoConfiguration, org.springframework.boot.actuate.autoconfigure.metrics.task.TaskExecutorMetricsAutoConfiguration, org.springframework.boot.actuate.autoconfigure.metrics.web.tomcat.TomcatMetricsAutoConfiguration, org.springframework.boot.actuate.autoconfigure.observation.ObservationAutoConfiguration, org.springframework.boot.actuate.autoconfigure.observation.ObservationAutoConfiguration$MeterObservationHandlerConfiguration, org.springframework.boot.actuate.autoconfigure.observation.ObservationAutoConfiguration$MeterObservationHandlerConfiguration$OnlyMetricsMeterObservationHandlerConfiguration, org.springframework.boot.actuate.autoconfigure.observation.ObservationAutoConfiguration$ObservedAspectConfiguration, org.springframework.boot.actuate.autoconfigure.observation.ObservationAutoConfiguration$OnlyMetricsConfiguration, org.springframework.boot.actuate.autoconfigure.observation.web.client.HttpClientObservationsAutoConfiguration, org.springframework.boot.actuate.autoconfigure.observation.web.client.HttpClientObservationsAutoConfiguration$MeterFilterConfiguration, org.springframework.boot.actuate.autoconfigure.observation.web.client.RestClientObservationConfiguration, org.springframework.boot.actuate.autoconfigure.observation.web.client.RestTemplateObservationConfiguration, org.springframework.boot.actuate.autoconfigure.observation.web.client.WebClientObservationConfiguration, org.springframework.boot.actuate.autoconfigure.observation.web.servlet.WebMvcObservationAutoConfiguration, org.springframework.boot.actuate.autoconfigure.observation.web.servlet.WebMvcObservationAutoConfiguration$MeterFilterConfiguration, org.springframework.boot.actuate.autoconfigure.scheduling.ScheduledTasksObservabilityAutoConfiguration, org.springframework.boot.actuate.autoconfigure.security.servlet.SecurityRequestMatchersManagementContextConfiguration, org.springframework.boot.actuate.autoconfigure.security.servlet.SecurityRequestMatchersManagementContextConfiguration$MvcRequestMatcherConfiguration, org.springframework.boot.actuate.autoconfigure.system.DiskSpaceHealthContributorAutoConfiguration, org.springframework.boot.actuate.autoconfigure.web.server.ManagementContextAutoConfiguration, org.springframework.boot.actuate.autoconfigure.web.server.ManagementContextAutoConfiguration$SameManagementContextConfiguration, org.springframework.boot.actuate.autoconfigure.web.server.ManagementContextAutoConfiguration$SameManagementContextConfiguration$EnableSameManagementContextConfiguration, org.springframework.boot.actuate.autoconfigure.web.servlet.ServletManagementContextAutoConfiguration, org.springframework.boot.autoconfigure.AutoConfigurationPackages, org.springframework.boot.autoconfigure.aop.AopAutoConfiguration, org.springframework.boot.autoconfigure.aop.AopAutoConfiguration$AspectJAutoProxyingConfiguration, org.springframework.boot.autoconfigure.aop.AopAutoConfiguration$AspectJAutoProxyingConfiguration$CglibAutoProxyConfiguration, org.springframework.boot.autoconfigure.availability.ApplicationAvailabilityAutoConfiguration, org.springframework.boot.autoconfigure.context.ConfigurationPropertiesAutoConfiguration, org.springframework.boot.autoconfigure.context.LifecycleAutoConfiguration, org.springframework.boot.autoconfigure.context.PropertyPlaceholderAutoConfiguration, org.springframework.boot.autoconfigure.dao.PersistenceExceptionTranslationAutoConfiguration, org.springframework.boot.autoconfigure.data.jpa.JpaRepositoriesAutoConfiguration, org.springframework.boot.autoconfigure.data.redis.LettuceConnectionConfiguration, org.springframework.boot.autoconfigure.data.redis.RedisAutoConfiguration, org.springframework.boot.autoconfigure.data.redis.RedisReactiveAutoConfiguration, org.springframework.boot.autoconfigure.data.redis.RedisRepositoriesAutoConfiguration, org.springframework.boot.autoconfigure.data.web.SpringDataWebAutoConfiguration, org.springframework.boot.autoconfigure.h2.H2ConsoleAutoConfiguration, org.springframework.boot.autoconfigure.http.HttpMessageConvertersAutoConfiguration, org.springframework.boot.autoconfigure.http.HttpMessageConvertersAutoConfiguration$StringHttpMessageConverterConfiguration, org.springframework.boot.autoconfigure.http.JacksonHttpMessageConvertersConfiguration, org.springframework.boot.autoconfigure.http.JacksonHttpMessageConvertersConfiguration$MappingJackson2HttpMessageConverterConfiguration, org.springframework.boot.autoconfigure.http.codec.CodecsAutoConfiguration, org.springframework.boot.autoconfigure.http.codec.CodecsAutoConfiguration$DefaultCodecsConfiguration, org.springframework.boot.autoconfigure.http.codec.CodecsAutoConfiguration$JacksonCodecConfiguration, org.springframework.boot.autoconfigure.info.ProjectInfoAutoConfiguration, org.springframework.boot.autoconfigure.internalCachingMetadataReaderFactory, org.springframework.boot.autoconfigure.jackson.JacksonAutoConfiguration, org.springframework.boot.autoconfigure.jackson.JacksonAutoConfiguration$Jackson2ObjectMapperBuilderCustomizerConfiguration, org.springframework.boot.autoconfigure.jackson.JacksonAutoConfiguration$JacksonMixinConfiguration, org.springframework.boot.autoconfigure.jackson.JacksonAutoConfiguration$JacksonObjectMapperBuilderConfiguration, org.springframework.boot.autoconfigure.jackson.JacksonAutoConfiguration$JacksonObjectMapperConfiguration, org.springframework.boot.autoconfigure.jackson.JacksonAutoConfiguration$ParameterNamesModuleConfiguration, org.springframework.boot.autoconfigure.jdbc.DataSourceAutoConfiguration, org.springframework.boot.autoconfigure.jdbc.DataSourceAutoConfiguration$PooledDataSourceConfiguration, org.springframework.boot.autoconfigure.jdbc.DataSourceConfiguration$Hikari, org.springframework.boot.autoconfigure.jdbc.DataSourceJmxConfiguration, org.springframework.boot.autoconfigure.jdbc.DataSourceJmxConfiguration$Hikari, org.springframework.boot.autoconfigure.jdbc.DataSourceTransactionManagerAutoConfiguration, org.springframework.boot.autoconfigure.jdbc.DataSourceTransactionManagerAutoConfiguration$JdbcTransactionManagerConfiguration, org.springframework.boot.autoconfigure.jdbc.JdbcClientAutoConfiguration, org.springframework.boot.autoconfigure.jdbc.JdbcTemplateAutoConfiguration, org.springframework.boot.autoconfigure.jdbc.JdbcTemplateConfiguration, org.springframework.boot.autoconfigure.jdbc.NamedParameterJdbcTemplateConfiguration, org.springframework.boot.autoconfigure.jdbc.metadata.DataSourcePoolMetadataProvidersConfiguration, org.springframework.boot.autoconfigure.jdbc.metadata.DataSourcePoolMetadataProvidersConfiguration$HikariPoolDataSourceMetadataProviderConfiguration, org.springframework.boot.autoconfigure.netty.NettyAutoConfiguration, org.springframework.boot.autoconfigure.orm.jpa.HibernateJpaAutoConfiguration, org.springframework.boot.autoconfigure.orm.jpa.HibernateJpaConfiguration, org.springframework.boot.autoconfigure.orm.jpa.JpaBaseConfiguration$JpaWebConfiguration, org.springframework.boot.autoconfigure.orm.jpa.JpaBaseConfiguration$PersistenceManagedTypesConfiguration, org.springframework.boot.autoconfigure.reactor.ReactorAutoConfiguration, org.springframework.boot.autoconfigure.security.reactive.ReactiveSecurityAutoConfiguration, org.springframework.boot.autoconfigure.security.servlet.SecurityAutoConfiguration, org.springframework.boot.autoconfigure.security.servlet.SecurityFilterAutoConfiguration, org.springframework.boot.autoconfigure.security.servlet.SpringBootWebSecurityConfiguration, org.springframework.boot.autoconfigure.security.servlet.SpringBootWebSecurityConfiguration$WebSecurityEnablerConfiguration, org.springframework.boot.autoconfigure.sql.init.DataSourceInitializationConfiguration, org.springframework.boot.autoconfigure.sql.init.SqlInitializationAutoConfiguration, org.springframework.boot.autoconfigure.ssl.SslAutoConfiguration, org.springframework.boot.autoconfigure.task.TaskExecutionAutoConfiguration, org.springframework.boot.autoconfigure.task.TaskExecutorConfigurations$SimpleAsyncTaskExecutorBuilderConfiguration, org.springframework.boot.autoconfigure.task.TaskExecutorConfigurations$TaskExecutorBuilderConfiguration, org.springframework.boot.autoconfigure.task.TaskExecutorConfigurations$TaskExecutorConfiguration, org.springframework.boot.autoconfigure.task.TaskExecutorConfigurations$ThreadPoolTaskExecutorBuilderConfiguration, org.springframework.boot.autoconfigure.task.TaskSchedulingAutoConfiguration, org.springframework.boot.autoconfigure.task.TaskSchedulingConfigurations$SimpleAsyncTaskSchedulerBuilderConfiguration, org.springframework.boot.autoconfigure.task.TaskSchedulingConfigurations$TaskSchedulerBuilderConfiguration, org.springframework.boot.autoconfigure.task.TaskSchedulingConfigurations$ThreadPoolTaskSchedulerBuilderConfiguration, org.springframework.boot.autoconfigure.transaction.TransactionAutoConfiguration, org.springframework.boot.autoconfigure.transaction.TransactionAutoConfiguration$EnableTransactionManagementConfiguration, org.springframework.boot.autoconfigure.transaction.TransactionAutoConfiguration$EnableTransactionManagementConfiguration$CglibAutoProxyConfiguration, org.springframework.boot.autoconfigure.transaction.TransactionAutoConfiguration$TransactionTemplateConfiguration, org.springframework.boot.autoconfigure.transaction.TransactionManagerCustomizationAutoConfiguration, org.springframework.boot.autoconfigure.transaction.jta.JtaAutoConfiguration, org.springframework.boot.autoconfigure.web.client.RestClientAutoConfiguration, org.springframework.boot.autoconfigure.web.client.RestTemplateAutoConfiguration, org.springframework.boot.autoconfigure.web.embedded.EmbeddedWebServerFactoryCustomizerAutoConfiguration, org.springframework.boot.autoconfigure.web.embedded.EmbeddedWebServerFactoryCustomizerAutoConfiguration$TomcatWebServerFactoryCustomizerConfiguration, org.springframework.boot.autoconfigure.web.reactive.function.client.ClientHttpConnectorAutoConfiguration, org.springframework.boot.autoconfigure.web.reactive.function.client.ClientHttpConnectorFactoryConfiguration$JdkClient, org.springframework.boot.autoconfigure.web.reactive.function.client.WebClientAutoConfiguration, org.springframework.boot.autoconfigure.web.reactive.function.client.WebClientAutoConfiguration$WebClientCodecsConfiguration, org.springframework.boot.autoconfigure.web.servlet.DispatcherServletAutoConfiguration, org.springframework.boot.autoconfigure.web.servlet.DispatcherServletAutoConfiguration$DispatcherServletConfiguration, org.springframework.boot.autoconfigure.web.servlet.DispatcherServletAutoConfiguration$DispatcherServletRegistrationConfiguration, org.springframework.boot.autoconfigure.web.servlet.HttpEncodingAutoConfiguration, org.springframework.boot.autoconfigure.web.servlet.MultipartAutoConfiguration, org.springframework.boot.autoconfigure.web.servlet.ServletWebServerFactoryAutoConfiguration, org.springframework.boot.autoconfigure.web.servlet.ServletWebServerFactoryConfiguration$EmbeddedTomcat, org.springframework.boot.autoconfigure.web.servlet.WebMvcAutoConfiguration, org.springframework.boot.autoconfigure.web.servlet.WebMvcAutoConfiguration$EnableWebMvcConfiguration, org.springframework.boot.autoconfigure.web.servlet.WebMvcAutoConfiguration$WebMvcAutoConfigurationAdapter, org.springframework.boot.autoconfigure.web.servlet.error.ErrorMvcAutoConfiguration, org.springframework.boot.autoconfigure.web.servlet.error.ErrorMvcAutoConfiguration$DefaultErrorViewResolverConfiguration, org.springframework.boot.autoconfigure.web.servlet.error.ErrorMvcAutoConfiguration$WhitelabelErrorViewConfiguration, org.springframework.boot.autoconfigure.websocket.servlet.WebSocketServletAutoConfiguration, org.springframework.boot.autoconfigure.websocket.servlet.WebSocketServletAutoConfiguration$TomcatWebSocketConfiguration, org.springframework.boot.context.internalConfigurationPropertiesBinder, org.springframework.boot.context.properties.BoundConfigurationProperties, org.springframework.boot.context.properties.ConfigurationPropertiesBindingPostProcessor, org.springframework.boot.context.properties.EnableConfigurationPropertiesRegistrar.methodValidationExcludeFilter, org.springframework.boot.devtools.autoconfigure.DevToolsDataSourceAutoConfiguration, org.springframework.boot.devtools.autoconfigure.DevToolsDataSourceAutoConfiguration$DatabaseShutdownExecutorEntityManagerFactoryDependsOnPostProcessor, org.springframework.boot.devtools.autoconfigure.LocalDevToolsAutoConfiguration, org.springframework.boot.devtools.autoconfigure.LocalDevToolsAutoConfiguration$LiveReloadConfiguration, org.springframework.boot.devtools.autoconfigure.LocalDevToolsAutoConfiguration$RestartConfiguration, org.springframework.boot.sql.init.dependency.DatabaseInitializationDependencyConfigurer$DependsOnDatabaseInitializationPostProcessor, org.springframework.cache.annotation.ProxyCachingConfiguration, org.springframework.cache.config.internalCacheAdvisor, org.springframework.cloud.autoconfigure.ConfigurationPropertiesRebinderAutoConfiguration, org.springframework.cloud.autoconfigure.LifecycleMvcEndpointAutoConfiguration, org.springframework.cloud.autoconfigure.PauseResumeEndpointsConfiguration, org.springframework.cloud.autoconfigure.RefreshAutoConfiguration, org.springframework.cloud.autoconfigure.RefreshAutoConfiguration$RefreshScopeBeanDefinitionEnhancer, org.springframework.cloud.autoconfigure.RefreshEndpointAutoConfiguration, org.springframework.cloud.autoconfigure.RefreshEndpointAutoConfiguration$RefreshEndpointConfiguration, org.springframework.cloud.autoconfigure.RestartEndpointWithoutIntegrationConfiguration, org.springframework.cloud.client.CommonsClientAutoConfiguration, org.springframework.cloud.client.CommonsClientAutoConfiguration$ActuatorConfiguration, org.springframework.cloud.client.CommonsClientAutoConfiguration$DiscoveryLoadBalancerConfiguration, org.springframework.cloud.client.ReactiveCommonsClientAutoConfiguration, org.springframework.cloud.client.ReactiveCommonsClientAutoConfiguration$ReactiveDiscoveryLoadBalancerConfiguration, org.springframework.cloud.client.discovery.composite.CompositeDiscoveryClientAutoConfiguration, org.springframework.cloud.client.discovery.composite.reactive.ReactiveCompositeDiscoveryClientAutoConfiguration, org.springframework.cloud.client.discovery.simple.SimpleDiscoveryClientAutoConfiguration, org.springframework.cloud.client.discovery.simple.reactive.SimpleReactiveDiscoveryClientAutoConfiguration, org.springframework.cloud.client.discovery.simple.reactive.SimpleReactiveDiscoveryClientAutoConfiguration$HealthConfiguration, org.springframework.cloud.client.loadbalancer.LoadBalancerDefaultMappingsProviderAutoConfiguration, org.springframework.cloud.client.serviceregistry.AutoServiceRegistrationAutoConfiguration, org.springframework.cloud.client.serviceregistry.AutoServiceRegistrationConfiguration, org.springframework.cloud.client.serviceregistry.ServiceRegistryAutoConfiguration, org.springframework.cloud.commons.config.CommonsConfigAutoConfiguration, org.springframework.cloud.commons.security.ResourceServerTokenRelayAutoConfiguration, org.springframework.cloud.commons.security.ResourceServerTokenRelayAutoConfiguration$ResourceServerTokenRelayRegistrationAutoConfiguration, org.springframework.cloud.commons.util.UtilAutoConfiguration, org.springframework.cloud.configuration.CompatibilityVerifierAutoConfiguration, org.springframework.context.annotation.internalAutowiredAnnotationProcessor, org.springframework.context.annotation.internalCommonAnnotationProcessor, org.springframework.context.annotation.internalConfigurationAnnotationProcessor, org.springframework.context.annotation.internalPersistenceAnnotationProcessor, org.springframework.context.event.internalEventListenerFactory, org.springframework.context.event.internalEventListenerProcessor, org.springframework.data.jpa.repository.support.JpaEvaluationContextExtension, org.springframework.data.jpa.util.JpaMetamodelCacheCleanup, org.springframework.data.web.config.ProjectingArgumentResolverRegistrar, org.springframework.data.web.config.SpringDataJacksonConfiguration, org.springframework.data.web.config.SpringDataWebConfiguration, org.springframework.security.config.annotation.authentication.configuration.AuthenticationConfiguration, org.springframework.security.config.annotation.configuration.ObjectPostProcessorConfiguration, org.springframework.security.config.annotation.web.configuration.HttpSecurityConfiguration, org.springframework.security.config.annotation.web.configuration.HttpSecurityConfiguration.httpSecurity, org.springframework.security.config.annotation.web.configuration.WebMvcSecurityConfiguration, org.springframework.security.config.annotation.web.configuration.WebSecurityConfiguration, org.springframework.transaction.annotation.ProxyTransactionManagementConfiguration, org.springframework.transaction.config.internalTransactionAdvisor, org.springframework.transaction.config.internalTransactionalEventListenerFactory, pageModule, pageableCustomizer, pageableOpenAPIConverter, pageableResolver, parameterBuilder, parameterNamesModule, passwordEncoder, pathMappedEndpoints, patientController, patientRepository, patientServiceImpl, persistenceExceptionTranslationPostProcessor, persistenceManagedTypes, pingHealthContributor, platformTransactionManagerCustomizers, polymorphicModelConverter, preserveErrorControllerTargetClassPostProcessor, privilegeEvaluator, processorMetrics, projectingArgumentResolverBeanPostProcessor, propertiesMeterFilter, propertiesObservationFilter, propertyResolverUtils, propertySourcesPlaceholderConfigurer, queryDslQuerydslPredicateOperationCustomizer, rabbitMQConfig, reactiveCommonsFeatures, reactiveCompositeDiscoveryClient, reactiveDiscoveryClients, reactiveHealthContributorRegistry, reactiveRedisTemplate, reactiveSentinelCircuitBreakerFactory, reactiveStringRedisTemplate, redisCacheMeterBinderProvider, redisConfig, redisConnectionDetails, redisConnectionFactory, redisConverter, redisCustomConversions, redisHealthContributor, redisIndexConfiguration#0, redisKeyValueAdapter, redisKeyValueTemplate, redisKeyspaceConfiguration#0, redisMappingConfiguration#0, redisObjectMapper, redisReferenceResolver, redisService, redisTemplate, redisUtils, refreshEventListener, refreshScope, refreshScopeHealthIndicator, refreshScopeLifecycle, repositoryTagsProvider, requestBodyBuilder, requestBuilder, requestContextFilter, requestDataValueProcessor, requestMappingHandlerAdapter, requestMappingHandlerMapping, requestMatcherProvider, resourceHandlerMapping, responseBuilder, responseErrorHandler, responseSupportConverter, restClientBuilder, restClientBuilderConfigurer, restClientSsl, restTemplateBuilder, restTemplateBuilderConfigurer, restartingClassPathChangedEventListener, retryTemplate, routerFunctionMapping, routerFunctionProvider, scheduleController, scheduleRepository, scheduleServiceImpl, schemaPropertyDeprecatingConverter, securityConfig, securityFilterChainRegistration, securityParser, sentinel-json-authority-converter, sentinel-json-degrade-converter, sentinel-json-flow-converter, sentinel-json-param-flow-converter, sentinel-json-system-converter, sentinelBeanPostProcessor, sentinelCircuitBreakerFactory, sentinelConfig, sentinelDataSourceHandler, sentinelHealthIndicator, sentinelResourceAspect, sentinelWebInterceptor, sentinelWebMvcConfig, sentinelWebMvcConfigurer, server-org.springframework.boot.autoconfigure.web.ServerProperties, serviceRegistrationConfig, servletEndpointDiscoverer, servletEndpointRegistrar, servletExposeExcludePropertyEndpointFilter, servletWebChildContextFactory, servletWebServerFactoryCustomizer, simpleAsyncTaskExecutorBuilder, simpleAsyncTaskSchedulerBuilder, simpleConfig, simpleControllerHandlerAdapter, simpleDiscoveryClient, simpleDiscoveryProperties, simpleMeterRegistry, simpleReactiveDiscoveryClient, simpleReactiveDiscoveryClientHealthIndicator, simpleReactiveDiscoveryProperties, sleuthPresentVerifier, sortCustomizer, sortOpenAPIConverter, sortResolver, spring.ai.chat.client-org.springframework.ai.autoconfigure.chat.client.ChatClientBuilderProperties, spring.ai.chat.observations-org.springframework.ai.autoconfigure.chat.observation.ChatObservationProperties, spring.ai.image.observations-org.springframework.ai.autoconfigure.image.observation.ImageObservationProperties, spring.ai.ollama-org.springframework.ai.autoconfigure.ollama.OllamaConnectionProperties, spring.ai.ollama.chat-org.springframework.ai.autoconfigure.ollama.OllamaChatProperties, spring.ai.ollama.embedding-org.springframework.ai.autoconfigure.ollama.OllamaEmbeddingProperties, spring.ai.ollama.init-org.springframework.ai.autoconfigure.ollama.OllamaInitializationProperties, spring.ai.retry-org.springframework.ai.autoconfigure.retry.SpringAiRetryProperties, spring.ai.vectorstore.observations-org.springframework.ai.autoconfigure.vectorstore.observation.VectorStoreObservationProperties, spring.cloud.compatibility-verifier-org.springframework.cloud.configuration.CompatibilityVerifierProperties, spring.cloud.discovery.client.health-indicator-org.springframework.cloud.client.discovery.health.DiscoveryClientHealthIndicatorProperties, spring.cloud.refresh-org.springframework.cloud.autoconfigure.RefreshAutoConfiguration$RefreshProperties, spring.cloud.sentinel-com.alibaba.cloud.sentinel.SentinelProperties, spring.cloud.service-registry.auto-registration-org.springframework.cloud.client.serviceregistry.AutoServiceRegistrationProperties, spring.codec-org.springframework.boot.autoconfigure.codec.CodecProperties, spring.data.redis-org.springframework.boot.autoconfigure.data.redis.RedisProperties, spring.data.web-org.springframework.boot.autoconfigure.data.web.SpringDataWebProperties, spring.datasource-org.springframework.boot.autoconfigure.jdbc.DataSourceProperties, spring.devtools-org.springframework.boot.devtools.autoconfigure.DevToolsProperties, spring.h2.console-org.springframework.boot.autoconfigure.h2.H2ConsoleProperties, spring.info-org.springframework.boot.autoconfigure.info.ProjectInfoProperties, spring.jackson-org.springframework.boot.autoconfigure.jackson.JacksonProperties, spring.jdbc-org.springframework.boot.autoconfigure.jdbc.JdbcProperties, spring.jpa-org.springframework.boot.autoconfigure.orm.jpa.JpaProperties, spring.jpa.hibernate-org.springframework.boot.autoconfigure.orm.jpa.HibernateProperties, spring.lifecycle-org.springframework.boot.autoconfigure.context.LifecycleProperties, spring.mvc-org.springframework.boot.autoconfigure.web.servlet.WebMvcProperties, spring.netty-org.springframework.boot.autoconfigure.netty.NettyProperties, spring.reactor-org.springframework.boot.autoconfigure.reactor.ReactorProperties, spring.security-org.springframework.boot.autoconfigure.security.SecurityProperties, spring.servlet.multipart-org.springframework.boot.autoconfigure.web.servlet.MultipartProperties, spring.sql.init-org.springframework.boot.autoconfigure.sql.init.SqlInitializationProperties, spring.ssl-org.springframework.boot.autoconfigure.ssl.SslProperties, spring.task.execution-org.springframework.boot.autoconfigure.task.TaskExecutionProperties, spring.task.scheduling-org.springframework.boot.autoconfigure.task.TaskSchedulingProperties, spring.transaction-org.springframework.boot.autoconfigure.transaction.TransactionProperties, spring.web-org.springframework.boot.autoconfigure.web.WebProperties, springAiFunctionManager, springBootVersionVerifier, springCloudCommonsFeatures, springDataWebPropertiesProvider, springDocCustomizers, springDocProviders, springSecurityFilterChain, springSecurityHandlerMappingIntrospectorBeanDefinitionRegistryPostProcessor, springWebProvider, springdocObjectMapperProvider, sslBundleRegistry, sslPropertiesSslBundleRegistrar, standardJacksonObjectMapperBuilderCustomizer, startupTimeMetrics, stringHttpMessageConverter, stringRedisTemplate, swaggerConfig, swaggerConfigResource, swaggerResourceResolver, swaggerWebMvcConfigurer, swaggerWelcome, taskExecutorBuilder, taskSchedulerBuilder, themeResolver, threadPoolTaskExecutorBuilder, threadPoolTaskSchedulerBuilder, tomcatMetricsBinder, tomcatServletWebServerFactory, tomcatServletWebServerFactoryCustomizer, tomcatWebServerFactoryCustomizer, toolCallbackResolver, toolCallingManager, toolExecutionExceptionProcessor, transactionAttributeSource, transactionExecutionListeners, transactionInterceptor, transactionManager, transactionTemplate, uptimeMetrics, userRepository, userServiceImpl, viewControllerHandlerMapping, viewNameTranslator, viewResolver, webClientBuilder, webClientHttpConnector, webClientHttpConnectorCustomizer, webClientSsl, webConversionServiceProvider, webEndpointDiscoverer, webEndpointPathMapper, webEndpointServletHandlerMapping, webExposeExcludePropertyEndpointFilter, webFluxSupportConverter, webMvcObservationFilter, webSecurityExpressionHandler, webServerFactoryCustomizerBeanPostProcessor, websocketServletWebServerCustomizer, welcomePageHandlerMapping, welcomePageNotAcceptableHandlerMapping]
2025-12-11 23:19:58 - o.s.cloud.context.scope.GenericScope - BeanFactory id=6abd0677-cc81-3795-ade2-557b75a0abe4
2025-12-11 23:19:59 - o.s.b.w.e.tomcat.TomcatWebServer - Tomcat initialized with port 8082 (http)
2025-12-11 23:19:59 - o.a.catalina.core.StandardService - Starting service [Tomcat]
2025-12-11 23:19:59 - o.a.catalina.core.StandardEngine - Starting Servlet engine: [Apache Tomcat/10.1.31]
2025-12-11 23:19:59 - o.a.c.c.C.[Tomcat].[localhost].[/] - Initializing Spring embedded WebApplicationContext
2025-12-11 23:19:59 - o.s.b.w.s.c.ServletWebServerApplicationContext - Root WebApplicationContext: initialization completed in 1360 ms
2025-12-11 23:19:59 - com.zaxxer.hikari.HikariDataSource - HikariPool-1 - Starting...
2025-12-11 23:19:59 - c.a.n.c.r.client.grpc.GrpcClient - Server check fail, please check server 127.0.0.1 ,port 9848 is available , error ={}
java.util.concurrent.ExecutionException: com.alibaba.nacos.shaded.io.grpc.StatusRuntimeException: UNAVAILABLE: io exception
	at com.alibaba.nacos.shaded.com.google.common.util.concurrent.AbstractFuture.getDoneValue(AbstractFuture.java:592) ~[nacos-client-2.3.2.jar:na]
	at com.alibaba.nacos.shaded.com.google.common.util.concurrent.AbstractFuture.get(AbstractFuture.java:467) ~[nacos-client-2.3.2.jar:na]
	at com.alibaba.nacos.common.remote.client.grpc.GrpcClient.serverCheck(GrpcClient.java:243) ~[nacos-client-2.3.2.jar:na]
	at com.alibaba.nacos.common.remote.client.grpc.GrpcClient.connectToServer(GrpcClient.java:367) ~[nacos-client-2.3.2.jar:na]
	at com.alibaba.nacos.common.remote.client.RpcClient.reconnect(RpcClient.java:502) ~[nacos-client-2.3.2.jar:na]
	at com.alibaba.nacos.common.remote.client.RpcClient.lambda$start$1(RpcClient.java:329) ~[nacos-client-2.3.2.jar:na]
	at java.base/java.util.concurrent.Executors$RunnableAdapter.call(Executors.java:539) ~[na:na]
	at java.base/java.util.concurrent.FutureTask.run(FutureTask.java:264) ~[na:na]
	at java.base/java.util.concurrent.ScheduledThreadPoolExecutor$ScheduledFutureTask.run(ScheduledThreadPoolExecutor.java:304) ~[na:na]
	at java.base/java.util.concurrent.ThreadPoolExecutor.runWorker(ThreadPoolExecutor.java:1136) ~[na:na]
	at java.base/java.util.concurrent.ThreadPoolExecutor$Worker.run(ThreadPoolExecutor.java:635) ~[na:na]
	at java.base/java.lang.Thread.run(Thread.java:833) ~[na:na]
Caused by: com.alibaba.nacos.shaded.io.grpc.StatusRuntimeException: UNAVAILABLE: io exception
	at com.alibaba.nacos.shaded.io.grpc.Status.asRuntimeException(Status.java:537) ~[nacos-client-2.3.2.jar:na]
	at com.alibaba.nacos.shaded.io.grpc.stub.ClientCalls$UnaryStreamToFuture.onClose(ClientCalls.java:548) ~[nacos-client-2.3.2.jar:na]
	at com.alibaba.nacos.shaded.io.grpc.internal.DelayedClientCall$DelayedListener$3.run(DelayedClientCall.java:489) ~[nacos-client-2.3.2.jar:na]
	at com.alibaba.nacos.shaded.io.grpc.internal.DelayedClientCall$DelayedListener.delayOrExecute(DelayedClientCall.java:453) ~[nacos-client-2.3.2.jar:na]
	at com.alibaba.nacos.shaded.io.grpc.internal.DelayedClientCall$DelayedListener.onClose(DelayedClientCall.java:486) ~[nacos-client-2.3.2.jar:na]
	at com.alibaba.nacos.shaded.io.grpc.internal.ClientCallImpl.closeObserver(ClientCallImpl.java:567) ~[nacos-client-2.3.2.jar:na]
	at com.alibaba.nacos.shaded.io.grpc.internal.ClientCallImpl.access$300(ClientCallImpl.java:71) ~[nacos-client-2.3.2.jar:na]
	at com.alibaba.nacos.shaded.io.grpc.internal.ClientCallImpl$ClientStreamListenerImpl$1StreamClosed.runInternal(ClientCallImpl.java:735) ~[nacos-client-2.3.2.jar:na]
	at com.alibaba.nacos.shaded.io.grpc.internal.ClientCallImpl$ClientStreamListenerImpl$1StreamClosed.runInContext(ClientCallImpl.java:716) ~[nacos-client-2.3.2.jar:na]
	at com.alibaba.nacos.shaded.io.grpc.internal.ContextRunnable.run(ContextRunnable.java:37) ~[nacos-client-2.3.2.jar:na]
	at com.alibaba.nacos.shaded.io.grpc.internal.SerializingExecutor.run(SerializingExecutor.java:133) ~[nacos-client-2.3.2.jar:na]
	... 3 common frames omitted
Caused by: com.alibaba.nacos.shaded.io.grpc.netty.shaded.io.netty.channel.AbstractChannel$AnnotatedSocketException: Operation not permitted: /127.0.0.1:9848
Caused by: java.net.SocketException: Operation not permitted
	at java.base/sun.nio.ch.Net.connect0(Native Method) ~[na:na]
	at java.base/sun.nio.ch.Net.connect(Net.java:579) ~[na:na]
	at java.base/sun.nio.ch.Net.connect(Net.java:586) ~[na:na]
	at java.base/sun.nio.ch.SocketChannelImpl.connect(SocketChannelImpl.java:853) ~[na:na]
	at com.alibaba.nacos.shaded.io.grpc.netty.shaded.io.netty.util.internal.SocketUtils$3.run(SocketUtils.java:91) ~[nacos-client-2.3.2.jar:na]
	at com.alibaba.nacos.shaded.io.grpc.netty.shaded.io.netty.util.internal.SocketUtils$3.run(SocketUtils.java:88) ~[nacos-client-2.3.2.jar:na]
	at java.base/java.security.AccessController.doPrivileged(AccessController.java:569) ~[na:na]
	at com.alibaba.nacos.shaded.io.grpc.netty.shaded.io.netty.util.internal.SocketUtils.connect(SocketUtils.java:88) ~[nacos-client-2.3.2.jar:na]
	at com.alibaba.nacos.shaded.io.grpc.netty.shaded.io.netty.channel.socket.nio.NioSocketChannel.doConnect(NioSocketChannel.java:322) ~[nacos-client-2.3.2.jar:na]
	at com.alibaba.nacos.shaded.io.grpc.netty.shaded.io.netty.channel.nio.AbstractNioChannel$AbstractNioUnsafe.connect(AbstractNioChannel.java:248) ~[nacos-client-2.3.2.jar:na]
	at com.alibaba.nacos.shaded.io.grpc.netty.shaded.io.netty.channel.DefaultChannelPipeline$HeadContext.connect(DefaultChannelPipeline.java:1342) ~[nacos-client-2.3.2.jar:na]
	at com.alibaba.nacos.shaded.io.grpc.netty.shaded.io.netty.channel.AbstractChannelHandlerContext.invokeConnect(AbstractChannelHandlerContext.java:653) ~[nacos-client-2.3.2.jar:na]
	at com.alibaba.nacos.shaded.io.grpc.netty.shaded.io.netty.channel.AbstractChannelHandlerContext.connect(AbstractChannelHandlerContext.java:632) ~[nacos-client-2.3.2.jar:na]
	at com.alibaba.nacos.shaded.io.grpc.netty.shaded.io.netty.channel.ChannelDuplexHandler.connect(ChannelDuplexHandler.java:54) ~[nacos-client-2.3.2.jar:na]
	at com.alibaba.nacos.shaded.io.grpc.netty.shaded.io.grpc.netty.WriteBufferingAndExceptionHandler.connect(WriteBufferingAndExceptionHandler.java:157) ~[nacos-client-2.3.2.jar:na]
	at com.alibaba.nacos.shaded.io.grpc.netty.shaded.io.netty.channel.AbstractChannelHandlerContext.invokeConnect(AbstractChannelHandlerContext.java:655) ~[nacos-client-2.3.2.jar:na]
	at com.alibaba.nacos.shaded.io.grpc.netty.shaded.io.netty.channel.AbstractChannelHandlerContext.access$1000(AbstractChannelHandlerContext.java:61) ~[nacos-client-2.3.2.jar:na]
	at com.alibaba.nacos.shaded.io.grpc.netty.shaded.io.netty.channel.AbstractChannelHandlerContext$9.run(AbstractChannelHandlerContext.java:637) ~[nacos-client-2.3.2.jar:na]
	at com.alibaba.nacos.shaded.io.grpc.netty.shaded.io.netty.util.concurrent.AbstractEventExecutor.runTask(AbstractEventExecutor.java:174) ~[nacos-client-2.3.2.jar:na]
	at com.alibaba.nacos.shaded.io.grpc.netty.shaded.io.netty.util.concurrent.AbstractEventExecutor.safeExecute(AbstractEventExecutor.java:167) ~[nacos-client-2.3.2.jar:na]
	at com.alibaba.nacos.shaded.io.grpc.netty.shaded.io.netty.util.concurrent.SingleThreadEventExecutor.runAllTasks(SingleThreadEventExecutor.java:470) ~[nacos-client-2.3.2.jar:na]
	at com.alibaba.nacos.shaded.io.grpc.netty.shaded.io.netty.channel.nio.NioEventLoop.run(NioEventLoop.java:569) ~[nacos-client-2.3.2.jar:na]
	at com.alibaba.nacos.shaded.io.grpc.netty.shaded.io.netty.util.concurrent.SingleThreadEventExecutor$4.run(SingleThreadEventExecutor.java:997) ~[nacos-client-2.3.2.jar:na]
	at com.alibaba.nacos.shaded.io.grpc.netty.shaded.io.netty.util.internal.ThreadExecutorMap$2.run(ThreadExecutorMap.java:74) ~[nacos-client-2.3.2.jar:na]
	at com.alibaba.nacos.shaded.io.grpc.netty.shaded.io.netty.util.concurrent.FastThreadLocalRunnable.run(FastThreadLocalRunnable.java:30) ~[nacos-client-2.3.2.jar:na]
	at java.base/java.lang.Thread.run(Thread.java:833) ~[na:na]
2025-12-11 23:19:59 - com.zaxxer.hikari.pool.HikariPool - HikariPool-1 - Added connection conn0: url=jdbc:h2:mem:medical_booking user=SA
2025-12-11 23:19:59 - com.zaxxer.hikari.HikariDataSource - HikariPool-1 - Start completed.
2025-12-11 23:19:59 - o.s.b.a.h.H2ConsoleAutoConfiguration - H2 console available at '/h2-console'. Database available at 'jdbc:h2:mem:medical_booking'
2025-12-11 23:19:59 - o.h.jpa.internal.util.LogHelper - HHH000204: Processing PersistenceUnitInfo [name: default]
2025-12-11 23:19:59 - org.hibernate.Version - HHH000412: Hibernate ORM core version 6.5.3.Final
2025-12-11 23:19:59 - o.h.c.i.RegionFactoryInitiator - HHH000026: Second-level cache disabled
2025-12-11 23:19:59 - o.s.o.j.p.SpringPersistenceUnitInfo - No LoadTimeWeaver setup: ignoring JPA class transformer
2025-12-11 23:19:59 - org.hibernate.orm.deprecation - HHH90000025: H2Dialect does not need to be specified explicitly using 'hibernate.dialect' (remove the property setting and it will be selected by default)
2025-12-11 23:20:00 - c.a.n.c.r.client.grpc.GrpcClient - Server check fail, please check server 127.0.0.1 ,port 9848 is available , error ={}
java.util.concurrent.ExecutionException: com.alibaba.nacos.shaded.io.grpc.StatusRuntimeException: UNAVAILABLE: io exception
	at com.alibaba.nacos.shaded.com.google.common.util.concurrent.AbstractFuture.getDoneValue(AbstractFuture.java:592) ~[nacos-client-2.3.2.jar:na]
	at com.alibaba.nacos.shaded.com.google.common.util.concurrent.AbstractFuture.get(AbstractFuture.java:467) ~[nacos-client-2.3.2.jar:na]
	at com.alibaba.nacos.common.remote.client.grpc.GrpcClient.serverCheck(GrpcClient.java:243) ~[nacos-client-2.3.2.jar:na]
	at com.alibaba.nacos.common.remote.client.grpc.GrpcClient.connectToServer(GrpcClient.java:367) ~[nacos-client-2.3.2.jar:na]
	at com.alibaba.nacos.common.remote.client.RpcClient.reconnect(RpcClient.java:502) ~[nacos-client-2.3.2.jar:na]
	at com.alibaba.nacos.common.remote.client.RpcClient.lambda$start$1(RpcClient.java:329) ~[nacos-client-2.3.2.jar:na]
	at java.base/java.util.concurrent.Executors$RunnableAdapter.call(Executors.java:539) ~[na:na]
	at java.base/java.util.concurrent.FutureTask.run(FutureTask.java:264) ~[na:na]
	at java.base/java.util.concurrent.ScheduledThreadPoolExecutor$ScheduledFutureTask.run(ScheduledThreadPoolExecutor.java:304) ~[na:na]
	at java.base/java.util.concurrent.ThreadPoolExecutor.runWorker(ThreadPoolExecutor.java:1136) ~[na:na]
	at java.base/java.util.concurrent.ThreadPoolExecutor$Worker.run(ThreadPoolExecutor.java:635) ~[na:na]
	at java.base/java.lang.Thread.run(Thread.java:833) ~[na:na]
Caused by: com.alibaba.nacos.shaded.io.grpc.StatusRuntimeException: UNAVAILABLE: io exception
	at com.alibaba.nacos.shaded.io.grpc.Status.asRuntimeException(Status.java:537) ~[nacos-client-2.3.2.jar:na]
	at com.alibaba.nacos.shaded.io.grpc.stub.ClientCalls$UnaryStreamToFuture.onClose(ClientCalls.java:548) ~[nacos-client-2.3.2.jar:na]
	at com.alibaba.nacos.shaded.io.grpc.internal.DelayedClientCall$DelayedListener$3.run(DelayedClientCall.java:489) ~[nacos-client-2.3.2.jar:na]
	at com.alibaba.nacos.shaded.io.grpc.internal.DelayedClientCall$DelayedListener.delayOrExecute(DelayedClientCall.java:453) ~[nacos-client-2.3.2.jar:na]
	at com.alibaba.nacos.shaded.io.grpc.internal.DelayedClientCall$DelayedListener.onClose(DelayedClientCall.java:486) ~[nacos-client-2.3.2.jar:na]
	at com.alibaba.nacos.shaded.io.grpc.internal.ClientCallImpl.closeObserver(ClientCallImpl.java:567) ~[nacos-client-2.3.2.jar:na]
	at com.alibaba.nacos.shaded.io.grpc.internal.ClientCallImpl.access$300(ClientCallImpl.java:71) ~[nacos-client-2.3.2.jar:na]
	at com.alibaba.nacos.shaded.io.grpc.internal.ClientCallImpl$ClientStreamListenerImpl$1StreamClosed.runInternal(ClientCallImpl.java:735) ~[nacos-client-2.3.2.jar:na]
	at com.alibaba.nacos.shaded.io.grpc.internal.ClientCallImpl$ClientStreamListenerImpl$1StreamClosed.runInContext(ClientCallImpl.java:716) ~[nacos-client-2.3.2.jar:na]
	at com.alibaba.nacos.shaded.io.grpc.internal.ContextRunnable.run(ContextRunnable.java:37) ~[nacos-client-2.3.2.jar:na]
	at com.alibaba.nacos.shaded.io.grpc.internal.SerializingExecutor.run(SerializingExecutor.java:133) ~[nacos-client-2.3.2.jar:na]
	... 3 common frames omitted
Caused by: com.alibaba.nacos.shaded.io.grpc.netty.shaded.io.netty.channel.AbstractChannel$AnnotatedSocketException: Operation not permitted: /127.0.0.1:9848
Caused by: java.net.SocketException: Operation not permitted
	at java.base/sun.nio.ch.Net.connect0(Native Method) ~[na:na]
	at java.base/sun.nio.ch.Net.connect(Net.java:579) ~[na:na]
	at java.base/sun.nio.ch.Net.connect(Net.java:586) ~[na:na]
	at java.base/sun.nio.ch.SocketChannelImpl.connect(SocketChannelImpl.java:853) ~[na:na]
	at com.alibaba.nacos.shaded.io.grpc.netty.shaded.io.netty.util.internal.SocketUtils$3.run(SocketUtils.java:91) ~[nacos-client-2.3.2.jar:na]
	at com.alibaba.nacos.shaded.io.grpc.netty.shaded.io.netty.util.internal.SocketUtils$3.run(SocketUtils.java:88) ~[nacos-client-2.3.2.jar:na]
	at java.base/java.security.AccessController.doPrivileged(AccessController.java:569) ~[na:na]
	at com.alibaba.nacos.shaded.io.grpc.netty.shaded.io.netty.util.internal.SocketUtils.connect(SocketUtils.java:88) ~[nacos-client-2.3.2.jar:na]
	at com.alibaba.nacos.shaded.io.grpc.netty.shaded.io.netty.channel.socket.nio.NioSocketChannel.doConnect(NioSocketChannel.java:322) ~[nacos-client-2.3.2.jar:na]
	at com.alibaba.nacos.shaded.io.grpc.netty.shaded.io.netty.channel.nio.AbstractNioChannel$AbstractNioUnsafe.connect(AbstractNioChannel.java:248) ~[nacos-client-2.3.2.jar:na]
	at com.alibaba.nacos.shaded.io.grpc.netty.shaded.io.netty.channel.DefaultChannelPipeline$HeadContext.connect(DefaultChannelPipeline.java:1342) ~[nacos-client-2.3.2.jar:na]
	at com.alibaba.nacos.shaded.io.grpc.netty.shaded.io.netty.channel.AbstractChannelHandlerContext.invokeConnect(AbstractChannelHandlerContext.java:653) ~[nacos-client-2.3.2.jar:na]
	at com.alibaba.nacos.shaded.io.grpc.netty.shaded.io.netty.channel.AbstractChannelHandlerContext.connect(AbstractChannelHandlerContext.java:632) ~[nacos-client-2.3.2.jar:na]
	at com.alibaba.nacos.shaded.io.grpc.netty.shaded.io.netty.channel.ChannelDuplexHandler.connect(ChannelDuplexHandler.java:54) ~[nacos-client-2.3.2.jar:na]
	at com.alibaba.nacos.shaded.io.grpc.netty.shaded.io.grpc.netty.WriteBufferingAndExceptionHandler.connect(WriteBufferingAndExceptionHandler.java:157) ~[nacos-client-2.3.2.jar:na]
	at com.alibaba.nacos.shaded.io.grpc.netty.shaded.io.netty.channel.AbstractChannelHandlerContext.invokeConnect(AbstractChannelHandlerContext.java:655) ~[nacos-client-2.3.2.jar:na]
	at com.alibaba.nacos.shaded.io.grpc.netty.shaded.io.netty.channel.AbstractChannelHandlerContext.access$1000(AbstractChannelHandlerContext.java:61) ~[nacos-client-2.3.2.jar:na]
	at com.alibaba.nacos.shaded.io.grpc.netty.shaded.io.netty.channel.AbstractChannelHandlerContext$9.run(AbstractChannelHandlerContext.java:637) ~[nacos-client-2.3.2.jar:na]
	at com.alibaba.nacos.shaded.io.grpc.netty.shaded.io.netty.util.concurrent.AbstractEventExecutor.runTask(AbstractEventExecutor.java:174) ~[nacos-client-2.3.2.jar:na]
	at com.alibaba.nacos.shaded.io.grpc.netty.shaded.io.netty.util.concurrent.AbstractEventExecutor.safeExecute(AbstractEventExecutor.java:167) ~[nacos-client-2.3.2.jar:na]
	at com.alibaba.nacos.shaded.io.grpc.netty.shaded.io.netty.util.concurrent.SingleThreadEventExecutor.runAllTasks(SingleThreadEventExecutor.java:470) ~[nacos-client-2.3.2.jar:na]
	at com.alibaba.nacos.shaded.io.grpc.netty.shaded.io.netty.channel.nio.NioEventLoop.run(NioEventLoop.java:569) ~[nacos-client-2.3.2.jar:na]
	at com.alibaba.nacos.shaded.io.grpc.netty.shaded.io.netty.util.concurrent.SingleThreadEventExecutor$4.run(SingleThreadEventExecutor.java:997) ~[nacos-client-2.3.2.jar:na]
	at com.alibaba.nacos.shaded.io.grpc.netty.shaded.io.netty.util.internal.ThreadExecutorMap$2.run(ThreadExecutorMap.java:74) ~[nacos-client-2.3.2.jar:na]
	at com.alibaba.nacos.shaded.io.grpc.netty.shaded.io.netty.util.concurrent.FastThreadLocalRunnable.run(FastThreadLocalRunnable.java:30) ~[nacos-client-2.3.2.jar:na]
	at java.base/java.lang.Thread.run(Thread.java:833) ~[na:na]
2025-12-11 23:20:00 - o.h.e.t.j.p.i.JtaPlatformInitiator - HHH000489: No JTA platform available (set 'hibernate.transaction.jta.platform' to enable JTA platform integration)
2025-12-11 23:20:00 - org.hibernate.SQL - 
    drop table if exists appointments cascade 
Hibernate: 
    drop table if exists appointments cascade 
2025-12-11 23:20:00 - org.hibernate.SQL - 
    drop table if exists departments cascade 
Hibernate: 
    drop table if exists departments cascade 
2025-12-11 23:20:00 - org.hibernate.SQL - 
    drop table if exists doctors cascade 
Hibernate: 
    drop table if exists doctors cascade 
2025-12-11 23:20:00 - org.hibernate.SQL - 
    drop table if exists patients cascade 
Hibernate: 
    drop table if exists patients cascade 
2025-12-11 23:20:00 - org.hibernate.SQL - 
    drop table if exists schedules cascade 
Hibernate: 
    drop table if exists schedules cascade 
2025-12-11 23:20:00 - org.hibernate.SQL - 
    drop table if exists users cascade 
Hibernate: 
    drop table if exists users cascade 
2025-12-11 23:20:00 - org.hibernate.SQL - 
    create table appointments (
        queue_number integer,
        id bigint generated by default as identity,
        patient_id bigint,
        schedule_id bigint,
        status enum ('CANCELLED','COMPLETED','CONFIRMED','PENDING'),
        primary key (id)
    )
Hibernate: 
    create table appointments (
        queue_number integer,
        id bigint generated by default as identity,
        patient_id bigint,
        schedule_id bigint,
        status enum ('CANCELLED','COMPLETED','CONFIRMED','PENDING'),
        primary key (id)
    )
2025-12-11 23:20:00 - org.hibernate.SQL - 
    create table departments (
        sort_order integer,
        status integer not null,
        created_at timestamp(6),
        id bigint generated by default as identity,
        parent_id bigint,
        updated_at timestamp(6),
        description TEXT,
        icon varchar(255),
        name varchar(255) not null unique,
        primary key (id)
    )
Hibernate: 
    create table departments (
        sort_order integer,
        status integer not null,
        created_at timestamp(6),
        id bigint generated by default as identity,
        parent_id bigint,
        updated_at timestamp(6),
        description TEXT,
        icon varchar(255),
        name varchar(255) not null unique,
        primary key (id)
    )
2025-12-11 23:20:00 - org.hibernate.SQL - 
    create table doctors (
        status integer,
        created_at timestamp(6),
        department_id bigint,
        id bigint generated by default as identity,
        updated_at timestamp(6),
        description varchar(255),
        image_url varchar(255),
        name varchar(255),
        specialty varchar(255),
        title varchar(255),
        primary key (id)
    )
Hibernate: 
    create table doctors (
        status integer,
        created_at timestamp(6),
        department_id bigint,
        id bigint generated by default as identity,
        updated_at timestamp(6),
        description varchar(255),
        image_url varchar(255),
        name varchar(255),
        specialty varchar(255),
        title varchar(255),
        primary key (id)
    )
2025-12-11 23:20:00 - org.hibernate.SQL - 
    create table patients (
        id bigint generated by default as identity,
        user_id bigint unique,
        health_card varchar(255),
        name varchar(255),
        phone varchar(255),
        primary key (id)
    )
Hibernate: 
    create table patients (
        id bigint generated by default as identity,
        user_id bigint unique,
        health_card varchar(255),
        name varchar(255),
        phone varchar(255),
        primary key (id)
    )
2025-12-11 23:20:00 - org.hibernate.SQL - 
    create table schedules (
        date date,
        end_time time(6),
        max_patients integer,
        start_time time(6),
        status integer,
        created_at timestamp(6),
        doctor_id bigint,
        id bigint generated by default as identity,
        updated_at timestamp(6),
        primary key (id)
    )
Hibernate: 
    create table schedules (
        date date,
        end_time time(6),
        max_patients integer,
        start_time time(6),
        status integer,
        created_at timestamp(6),
        doctor_id bigint,
        id bigint generated by default as identity,
        updated_at timestamp(6),
        primary key (id)
    )
2025-12-11 23:20:00 - org.hibernate.SQL - 
    create table users (
        id bigint generated by default as identity,
        email varchar(255),
        password varchar(255),
        phone varchar(255),
        username varchar(255) unique,
        role enum ('ADMIN','DOCTOR','PATIENT'),
        primary key (id)
    )
Hibernate: 
    create table users (
        id bigint generated by default as identity,
        email varchar(255),
        password varchar(255),
        phone varchar(255),
        username varchar(255) unique,
        role enum ('ADMIN','DOCTOR','PATIENT'),
        primary key (id)
    )
2025-12-11 23:20:00 - org.hibernate.SQL - 
    alter table if exists appointments 
       add constraint FK8exap5wmg8kmb1g1rx3by21yt 
       foreign key (patient_id) 
       references patients
Hibernate: 
    alter table if exists appointments 
       add constraint FK8exap5wmg8kmb1g1rx3by21yt 
       foreign key (patient_id) 
       references patients
2025-12-11 23:20:00 - org.hibernate.SQL - 
    alter table if exists appointments 
       add constraint FK20g4fjnwy7g8i5yt9vc1kr923 
       foreign key (schedule_id) 
       references schedules
Hibernate: 
    alter table if exists appointments 
       add constraint FK20g4fjnwy7g8i5yt9vc1kr923 
       foreign key (schedule_id) 
       references schedules
2025-12-11 23:20:00 - org.hibernate.SQL - 
    alter table if exists doctors 
       add constraint FKl2mro81neln9topymd898urh1 
       foreign key (department_id) 
       references departments
Hibernate: 
    alter table if exists doctors 
       add constraint FKl2mro81neln9topymd898urh1 
       foreign key (department_id) 
       references departments
2025-12-11 23:20:00 - org.hibernate.SQL - 
    alter table if exists patients 
       add constraint FKuwca24wcd1tg6pjex8lmc0y7 
       foreign key (user_id) 
       references users
Hibernate: 
    alter table if exists patients 
       add constraint FKuwca24wcd1tg6pjex8lmc0y7 
       foreign key (user_id) 
       references users
2025-12-11 23:20:00 - org.hibernate.SQL - 
    alter table if exists schedules 
       add constraint FKfpyatautb52nts46e1y1y4nvg 
       foreign key (doctor_id) 
       references doctors
Hibernate: 
    alter table if exists schedules 
       add constraint FKfpyatautb52nts46e1y1y4nvg 
       foreign key (doctor_id) 
       references doctors
2025-12-11 23:20:00 - o.s.o.j.LocalContainerEntityManagerFactoryBean - Initialized JPA EntityManagerFactory for persistence unit 'default'
2025-12-11 23:20:00 - o.h.s.internal.StatisticsInitiator - Statistics initialized [enabled=false]
2025-12-11 23:20:00 - c.s.m.s.JwtAuthenticationFilter - Filter 'jwtAuthenticationFilter' configured for use
INFO: Sentinel log output type is: file
INFO: Sentinel log charset is: utf-8
INFO: Sentinel log base directory is: logs/sentinel/
INFO: Sentinel log name use pid is: false
INFO: Sentinel log level is: INFO
2025-12-11 23:20:01 - o.s.d.j.r.query.QueryEnhancerFactory - Hibernate is in classpath; If applicable, HQL parser will be used.
2025-12-11 23:20:01 - c.a.n.c.r.client.grpc.GrpcClient - Server check fail, please check server 127.0.0.1 ,port 9848 is available , error ={}
java.util.concurrent.ExecutionException: com.alibaba.nacos.shaded.io.grpc.StatusRuntimeException: UNAVAILABLE: io exception
	at com.alibaba.nacos.shaded.com.google.common.util.concurrent.AbstractFuture.getDoneValue(AbstractFuture.java:592) ~[nacos-client-2.3.2.jar:na]
	at com.alibaba.nacos.shaded.com.google.common.util.concurrent.AbstractFuture.get(AbstractFuture.java:467) ~[nacos-client-2.3.2.jar:na]
	at com.alibaba.nacos.common.remote.client.grpc.GrpcClient.serverCheck(GrpcClient.java:243) ~[nacos-client-2.3.2.jar:na]
	at com.alibaba.nacos.common.remote.client.grpc.GrpcClient.connectToServer(GrpcClient.java:367) ~[nacos-client-2.3.2.jar:na]
	at com.alibaba.nacos.common.remote.client.RpcClient.reconnect(RpcClient.java:502) ~[nacos-client-2.3.2.jar:na]
	at com.alibaba.nacos.common.remote.client.RpcClient.lambda$start$1(RpcClient.java:329) ~[nacos-client-2.3.2.jar:na]
	at java.base/java.util.concurrent.Executors$RunnableAdapter.call(Executors.java:539) ~[na:na]
	at java.base/java.util.concurrent.FutureTask.run(FutureTask.java:264) ~[na:na]
	at java.base/java.util.concurrent.ScheduledThreadPoolExecutor$ScheduledFutureTask.run(ScheduledThreadPoolExecutor.java:304) ~[na:na]
	at java.base/java.util.concurrent.ThreadPoolExecutor.runWorker(ThreadPoolExecutor.java:1136) ~[na:na]
	at java.base/java.util.concurrent.ThreadPoolExecutor$Worker.run(ThreadPoolExecutor.java:635) ~[na:na]
	at java.base/java.lang.Thread.run(Thread.java:833) ~[na:na]
Caused by: com.alibaba.nacos.shaded.io.grpc.StatusRuntimeException: UNAVAILABLE: io exception
	at com.alibaba.nacos.shaded.io.grpc.Status.asRuntimeException(Status.java:537) ~[nacos-client-2.3.2.jar:na]
	at com.alibaba.nacos.shaded.io.grpc.stub.ClientCalls$UnaryStreamToFuture.onClose(ClientCalls.java:548) ~[nacos-client-2.3.2.jar:na]
	at com.alibaba.nacos.shaded.io.grpc.internal.DelayedClientCall$DelayedListener$3.run(DelayedClientCall.java:489) ~[nacos-client-2.3.2.jar:na]
	at com.alibaba.nacos.shaded.io.grpc.internal.DelayedClientCall$DelayedListener.delayOrExecute(DelayedClientCall.java:453) ~[nacos-client-2.3.2.jar:na]
	at com.alibaba.nacos.shaded.io.grpc.internal.DelayedClientCall$DelayedListener.onClose(DelayedClientCall.java:486) ~[nacos-client-2.3.2.jar:na]
	at com.alibaba.nacos.shaded.io.grpc.internal.ClientCallImpl.closeObserver(ClientCallImpl.java:567) ~[nacos-client-2.3.2.jar:na]
	at com.alibaba.nacos.shaded.io.grpc.internal.ClientCallImpl.access$300(ClientCallImpl.java:71) ~[nacos-client-2.3.2.jar:na]
	at com.alibaba.nacos.shaded.io.grpc.internal.ClientCallImpl$ClientStreamListenerImpl$1StreamClosed.runInternal(ClientCallImpl.java:735) ~[nacos-client-2.3.2.jar:na]
	at com.alibaba.nacos.shaded.io.grpc.internal.ClientCallImpl$ClientStreamListenerImpl$1StreamClosed.runInContext(ClientCallImpl.java:716) ~[nacos-client-2.3.2.jar:na]
	at com.alibaba.nacos.shaded.io.grpc.internal.ContextRunnable.run(ContextRunnable.java:37) ~[nacos-client-2.3.2.jar:na]
	at com.alibaba.nacos.shaded.io.grpc.internal.SerializingExecutor.run(SerializingExecutor.java:133) ~[nacos-client-2.3.2.jar:na]
	... 3 common frames omitted
Caused by: com.alibaba.nacos.shaded.io.grpc.netty.shaded.io.netty.channel.AbstractChannel$AnnotatedSocketException: Operation not permitted: /127.0.0.1:9848
Caused by: java.net.SocketException: Operation not permitted
	at java.base/sun.nio.ch.Net.connect0(Native Method) ~[na:na]
	at java.base/sun.nio.ch.Net.connect(Net.java:579) ~[na:na]
	at java.base/sun.nio.ch.Net.connect(Net.java:586) ~[na:na]
	at java.base/sun.nio.ch.SocketChannelImpl.connect(SocketChannelImpl.java:853) ~[na:na]
	at com.alibaba.nacos.shaded.io.grpc.netty.shaded.io.netty.util.internal.SocketUtils$3.run(SocketUtils.java:91) ~[nacos-client-2.3.2.jar:na]
	at com.alibaba.nacos.shaded.io.grpc.netty.shaded.io.netty.util.internal.SocketUtils$3.run(SocketUtils.java:88) ~[nacos-client-2.3.2.jar:na]
	at java.base/java.security.AccessController.doPrivileged(AccessController.java:569) ~[na:na]
	at com.alibaba.nacos.shaded.io.grpc.netty.shaded.io.netty.util.internal.SocketUtils.connect(SocketUtils.java:88) ~[nacos-client-2.3.2.jar:na]
	at com.alibaba.nacos.shaded.io.grpc.netty.shaded.io.netty.channel.socket.nio.NioSocketChannel.doConnect(NioSocketChannel.java:322) ~[nacos-client-2.3.2.jar:na]
	at com.alibaba.nacos.shaded.io.grpc.netty.shaded.io.netty.channel.nio.AbstractNioChannel$AbstractNioUnsafe.connect(AbstractNioChannel.java:248) ~[nacos-client-2.3.2.jar:na]
	at com.alibaba.nacos.shaded.io.grpc.netty.shaded.io.netty.channel.DefaultChannelPipeline$HeadContext.connect(DefaultChannelPipeline.java:1342) ~[nacos-client-2.3.2.jar:na]
	at com.alibaba.nacos.shaded.io.grpc.netty.shaded.io.netty.channel.AbstractChannelHandlerContext.invokeConnect(AbstractChannelHandlerContext.java:653) ~[nacos-client-2.3.2.jar:na]
	at com.alibaba.nacos.shaded.io.grpc.netty.shaded.io.netty.channel.AbstractChannelHandlerContext.connect(AbstractChannelHandlerContext.java:632) ~[nacos-client-2.3.2.jar:na]
	at com.alibaba.nacos.shaded.io.grpc.netty.shaded.io.netty.channel.ChannelDuplexHandler.connect(ChannelDuplexHandler.java:54) ~[nacos-client-2.3.2.jar:na]
	at com.alibaba.nacos.shaded.io.grpc.netty.shaded.io.grpc.netty.WriteBufferingAndExceptionHandler.connect(WriteBufferingAndExceptionHandler.java:157) ~[nacos-client-2.3.2.jar:na]
	at com.alibaba.nacos.shaded.io.grpc.netty.shaded.io.netty.channel.AbstractChannelHandlerContext.invokeConnect(AbstractChannelHandlerContext.java:655) ~[nacos-client-2.3.2.jar:na]
	at com.alibaba.nacos.shaded.io.grpc.netty.shaded.io.netty.channel.AbstractChannelHandlerContext.access$1000(AbstractChannelHandlerContext.java:61) ~[nacos-client-2.3.2.jar:na]
	at com.alibaba.nacos.shaded.io.grpc.netty.shaded.io.netty.channel.AbstractChannelHandlerContext$9.run(AbstractChannelHandlerContext.java:637) ~[nacos-client-2.3.2.jar:na]
	at com.alibaba.nacos.shaded.io.grpc.netty.shaded.io.netty.util.concurrent.AbstractEventExecutor.runTask(AbstractEventExecutor.java:174) ~[nacos-client-2.3.2.jar:na]
	at com.alibaba.nacos.shaded.io.grpc.netty.shaded.io.netty.util.concurrent.AbstractEventExecutor.safeExecute(AbstractEventExecutor.java:167) ~[nacos-client-2.3.2.jar:na]
	at com.alibaba.nacos.shaded.io.grpc.netty.shaded.io.netty.util.concurrent.SingleThreadEventExecutor.runAllTasks(SingleThreadEventExecutor.java:470) ~[nacos-client-2.3.2.jar:na]
	at com.alibaba.nacos.shaded.io.grpc.netty.shaded.io.netty.channel.nio.NioEventLoop.run(NioEventLoop.java:569) ~[nacos-client-2.3.2.jar:na]
	at com.alibaba.nacos.shaded.io.grpc.netty.shaded.io.netty.util.concurrent.SingleThreadEventExecutor$4.run(SingleThreadEventExecutor.java:997) ~[nacos-client-2.3.2.jar:na]
	at com.alibaba.nacos.shaded.io.grpc.netty.shaded.io.netty.util.internal.ThreadExecutorMap$2.run(ThreadExecutorMap.java:74) ~[nacos-client-2.3.2.jar:na]
	at com.alibaba.nacos.shaded.io.grpc.netty.shaded.io.netty.util.concurrent.FastThreadLocalRunnable.run(FastThreadLocalRunnable.java:30) ~[nacos-client-2.3.2.jar:na]
	at java.base/java.lang.Thread.run(Thread.java:833) ~[na:na]
2025-12-11 23:20:01 - o.s.b.a.o.j.JpaBaseConfiguration$JpaWebConfiguration - spring.jpa.open-in-view is enabled by default. Therefore, database queries may be performed during view rendering. Explicitly configure spring.jpa.open-in-view to disable this warning
2025-12-11 23:20:01 - o.s.s.c.a.a.c.InitializeUserDetailsBeanManagerConfigurer$InitializeUserDetailsManagerConfigurer - Global AuthenticationManager configured with UserDetailsService bean with name customUserDetailsServiceImpl
2025-12-11 23:20:01 - o.s.b.a.w.s.WelcomePageHandlerMapping - Adding welcome page: class path resource [static/index.html]
2025-12-11 23:20:01 - c.a.c.s.SentinelWebMvcConfigurer - [Sentinel Starter] register SentinelWebInterceptor with urlPatterns: [/**].
2025-12-11 23:20:02 - o.s.b.a.e.web.EndpointLinksResolver - Exposing 3 endpoints beneath base path '/actuator'
2025-12-11 23:20:02 - c.a.n.c.r.client.grpc.GrpcClient - Server check fail, please check server 127.0.0.1 ,port 9848 is available , error ={}
java.util.concurrent.ExecutionException: com.alibaba.nacos.shaded.io.grpc.StatusRuntimeException: UNAVAILABLE: io exception
	at com.alibaba.nacos.shaded.com.google.common.util.concurrent.AbstractFuture.getDoneValue(AbstractFuture.java:592) ~[nacos-client-2.3.2.jar:na]
	at com.alibaba.nacos.shaded.com.google.common.util.concurrent.AbstractFuture.get(AbstractFuture.java:467) ~[nacos-client-2.3.2.jar:na]
	at com.alibaba.nacos.common.remote.client.grpc.GrpcClient.serverCheck(GrpcClient.java:243) ~[nacos-client-2.3.2.jar:na]
	at com.alibaba.nacos.common.remote.client.grpc.GrpcClient.connectToServer(GrpcClient.java:367) ~[nacos-client-2.3.2.jar:na]
	at com.alibaba.nacos.common.remote.client.RpcClient.reconnect(RpcClient.java:502) ~[nacos-client-2.3.2.jar:na]
	at com.alibaba.nacos.common.remote.client.RpcClient.lambda$start$1(RpcClient.java:329) ~[nacos-client-2.3.2.jar:na]
	at java.base/java.util.concurrent.Executors$RunnableAdapter.call(Executors.java:539) ~[na:na]
	at java.base/java.util.concurrent.FutureTask.run(FutureTask.java:264) ~[na:na]
	at java.base/java.util.concurrent.ScheduledThreadPoolExecutor$ScheduledFutureTask.run(ScheduledThreadPoolExecutor.java:304) ~[na:na]
	at java.base/java.util.concurrent.ThreadPoolExecutor.runWorker(ThreadPoolExecutor.java:1136) ~[na:na]
	at java.base/java.util.concurrent.ThreadPoolExecutor$Worker.run(ThreadPoolExecutor.java:635) ~[na:na]
	at java.base/java.lang.Thread.run(Thread.java:833) ~[na:na]
Caused by: com.alibaba.nacos.shaded.io.grpc.StatusRuntimeException: UNAVAILABLE: io exception
	at com.alibaba.nacos.shaded.io.grpc.Status.asRuntimeException(Status.java:537) ~[nacos-client-2.3.2.jar:na]
	at com.alibaba.nacos.shaded.io.grpc.stub.ClientCalls$UnaryStreamToFuture.onClose(ClientCalls.java:548) ~[nacos-client-2.3.2.jar:na]
	at com.alibaba.nacos.shaded.io.grpc.internal.DelayedClientCall$DelayedListener$3.run(DelayedClientCall.java:489) ~[nacos-client-2.3.2.jar:na]
	at com.alibaba.nacos.shaded.io.grpc.internal.DelayedClientCall$DelayedListener.delayOrExecute(DelayedClientCall.java:453) ~[nacos-client-2.3.2.jar:na]
	at com.alibaba.nacos.shaded.io.grpc.internal.DelayedClientCall$DelayedListener.onClose(DelayedClientCall.java:486) ~[nacos-client-2.3.2.jar:na]
	at com.alibaba.nacos.shaded.io.grpc.internal.ClientCallImpl.closeObserver(ClientCallImpl.java:567) ~[nacos-client-2.3.2.jar:na]
	at com.alibaba.nacos.shaded.io.grpc.internal.ClientCallImpl.access$300(ClientCallImpl.java:71) ~[nacos-client-2.3.2.jar:na]
	at com.alibaba.nacos.shaded.io.grpc.internal.ClientCallImpl$ClientStreamListenerImpl$1StreamClosed.runInternal(ClientCallImpl.java:735) ~[nacos-client-2.3.2.jar:na]
	at com.alibaba.nacos.shaded.io.grpc.internal.ClientCallImpl$ClientStreamListenerImpl$1StreamClosed.runInContext(ClientCallImpl.java:716) ~[nacos-client-2.3.2.jar:na]
	at com.alibaba.nacos.shaded.io.grpc.internal.ContextRunnable.run(ContextRunnable.java:37) ~[nacos-client-2.3.2.jar:na]
	at com.alibaba.nacos.shaded.io.grpc.internal.SerializingExecutor.run(SerializingExecutor.java:133) ~[nacos-client-2.3.2.jar:na]
	... 3 common frames omitted
Caused by: com.alibaba.nacos.shaded.io.grpc.netty.shaded.io.netty.channel.AbstractChannel$AnnotatedSocketException: Operation not permitted: /127.0.0.1:9848
Caused by: java.net.SocketException: Operation not permitted
	at java.base/sun.nio.ch.Net.connect0(Native Method) ~[na:na]
	at java.base/sun.nio.ch.Net.connect(Net.java:579) ~[na:na]
	at java.base/sun.nio.ch.Net.connect(Net.java:586) ~[na:na]
	at java.base/sun.nio.ch.SocketChannelImpl.connect(SocketChannelImpl.java:853) ~[na:na]
	at com.alibaba.nacos.shaded.io.grpc.netty.shaded.io.netty.util.internal.SocketUtils$3.run(SocketUtils.java:91) ~[nacos-client-2.3.2.jar:na]
	at com.alibaba.nacos.shaded.io.grpc.netty.shaded.io.netty.util.internal.SocketUtils$3.run(SocketUtils.java:88) ~[nacos-client-2.3.2.jar:na]
	at java.base/java.security.AccessController.doPrivileged(AccessController.java:569) ~[na:na]
	at com.alibaba.nacos.shaded.io.grpc.netty.shaded.io.netty.util.internal.SocketUtils.connect(SocketUtils.java:88) ~[nacos-client-2.3.2.jar:na]
	at com.alibaba.nacos.shaded.io.grpc.netty.shaded.io.netty.channel.socket.nio.NioSocketChannel.doConnect(NioSocketChannel.java:322) ~[nacos-client-2.3.2.jar:na]
	at com.alibaba.nacos.shaded.io.grpc.netty.shaded.io.netty.channel.nio.AbstractNioChannel$AbstractNioUnsafe.connect(AbstractNioChannel.java:248) ~[nacos-client-2.3.2.jar:na]
	at com.alibaba.nacos.shaded.io.grpc.netty.shaded.io.netty.channel.DefaultChannelPipeline$HeadContext.connect(DefaultChannelPipeline.java:1342) ~[nacos-client-2.3.2.jar:na]
	at com.alibaba.nacos.shaded.io.grpc.netty.shaded.io.netty.channel.AbstractChannelHandlerContext.invokeConnect(AbstractChannelHandlerContext.java:653) ~[nacos-client-2.3.2.jar:na]
	at com.alibaba.nacos.shaded.io.grpc.netty.shaded.io.netty.channel.AbstractChannelHandlerContext.connect(AbstractChannelHandlerContext.java:632) ~[nacos-client-2.3.2.jar:na]
	at com.alibaba.nacos.shaded.io.grpc.netty.shaded.io.netty.channel.ChannelDuplexHandler.connect(ChannelDuplexHandler.java:54) ~[nacos-client-2.3.2.jar:na]
	at com.alibaba.nacos.shaded.io.grpc.netty.shaded.io.grpc.netty.WriteBufferingAndExceptionHandler.connect(WriteBufferingAndExceptionHandler.java:157) ~[nacos-client-2.3.2.jar:na]
	at com.alibaba.nacos.shaded.io.grpc.netty.shaded.io.netty.channel.AbstractChannelHandlerContext.invokeConnect(AbstractChannelHandlerContext.java:655) ~[nacos-client-2.3.2.jar:na]
	at com.alibaba.nacos.shaded.io.grpc.netty.shaded.io.netty.channel.AbstractChannelHandlerContext.access$1000(AbstractChannelHandlerContext.java:61) ~[nacos-client-2.3.2.jar:na]
	at com.alibaba.nacos.shaded.io.grpc.netty.shaded.io.netty.channel.AbstractChannelHandlerContext$9.run(AbstractChannelHandlerContext.java:637) ~[nacos-client-2.3.2.jar:na]
	at com.alibaba.nacos.shaded.io.grpc.netty.shaded.io.netty.util.concurrent.AbstractEventExecutor.runTask(AbstractEventExecutor.java:174) ~[nacos-client-2.3.2.jar:na]
	at com.alibaba.nacos.shaded.io.grpc.netty.shaded.io.netty.util.concurrent.AbstractEventExecutor.safeExecute(AbstractEventExecutor.java:167) ~[nacos-client-2.3.2.jar:na]
	at com.alibaba.nacos.shaded.io.grpc.netty.shaded.io.netty.util.concurrent.SingleThreadEventExecutor.runAllTasks(SingleThreadEventExecutor.java:470) ~[nacos-client-2.3.2.jar:na]
	at com.alibaba.nacos.shaded.io.grpc.netty.shaded.io.netty.channel.nio.NioEventLoop.run(NioEventLoop.java:569) ~[nacos-client-2.3.2.jar:na]
	at com.alibaba.nacos.shaded.io.grpc.netty.shaded.io.netty.util.concurrent.SingleThreadEventExecutor$4.run(SingleThreadEventExecutor.java:997) ~[nacos-client-2.3.2.jar:na]
	at com.alibaba.nacos.shaded.io.grpc.netty.shaded.io.netty.util.internal.ThreadExecutorMap$2.run(ThreadExecutorMap.java:74) ~[nacos-client-2.3.2.jar:na]
	at com.alibaba.nacos.shaded.io.grpc.netty.shaded.io.netty.util.concurrent.FastThreadLocalRunnable.run(FastThreadLocalRunnable.java:30) ~[nacos-client-2.3.2.jar:na]
	at java.base/java.lang.Thread.run(Thread.java:833) ~[na:na]
2025-12-11 23:20:02 - o.s.b.d.a.OptionalLiveReloadServer - Unable to start LiveReload server
2025-12-11 23:20:02 - o.s.c.c.SpringBootVersionVerifier - Version found in Boot manifest [3.3.5]
2025-12-11 23:20:02 - o.s.c.c.SpringBootVersionVerifier - Version found in Boot manifest [3.3.5]
2025-12-11 23:20:02 - o.s.c.c.CompositeCompatibilityVerifier - All conditions are passing
2025-12-11 23:20:02 - o.s.b.w.s.c.AnnotationConfigServletWebServerApplicationContext - Exception encountered during context initialization - cancelling refresh attempt: org.springframework.context.ApplicationContextException: Failed to start bean 'webServerStartStop'
2025-12-11 23:20:02 - o.s.o.j.LocalContainerEntityManagerFactoryBean - Closing JPA EntityManagerFactory for persistence unit 'default'
2025-12-11 23:20:02 - org.hibernate.SQL - 
    drop table if exists appointments cascade 
Hibernate: 
    drop table if exists appointments cascade 
2025-12-11 23:20:02 - org.hibernate.SQL - 
    drop table if exists departments cascade 
Hibernate: 
    drop table if exists departments cascade 
2025-12-11 23:20:02 - org.hibernate.SQL - 
    drop table if exists doctors cascade 
Hibernate: 
    drop table if exists doctors cascade 
2025-12-11 23:20:02 - org.hibernate.SQL - 
    drop table if exists patients cascade 
Hibernate: 
    drop table if exists patients cascade 
2025-12-11 23:20:02 - org.hibernate.SQL - 
    drop table if exists schedules cascade 
Hibernate: 
    drop table if exists schedules cascade 
2025-12-11 23:20:02 - org.hibernate.SQL - 
    drop table if exists users cascade 
Hibernate: 
    drop table if exists users cascade 
2025-12-11 23:20:02 - o.s.b.f.s.DisposableBeanAdapter - Invocation of destroy method failed on bean with name 'inMemoryDatabaseShutdownExecutor': org.h2.jdbc.JdbcSQLNonTransientConnectionException: Database is already closed (to disable automatic closing at VM shutdown, add ";DB_CLOSE_ON_EXIT=FALSE" to the db URL) [90121-224]
2025-12-11 23:20:02 - com.zaxxer.hikari.HikariDataSource - HikariPool-1 - Shutdown initiated...
2025-12-11 23:20:02 - com.zaxxer.hikari.HikariDataSource - HikariPool-1 - Shutdown completed.
2025-12-11 23:20:02 - o.a.catalina.core.StandardService - Stopping service [Tomcat]
2025-12-11 23:20:02 - o.s.b.a.l.ConditionEvaluationReportLogger - 

Error starting ApplicationContext. To display the condition evaluation report re-run your application with 'debug' enabled.
2025-12-11 23:20:02 - o.s.boot.SpringApplication - Application run failed
org.springframework.context.ApplicationContextException: Failed to start bean 'webServerStartStop'
	at org.springframework.context.support.DefaultLifecycleProcessor.doStart(DefaultLifecycleProcessor.java:288) ~[spring-context-6.1.14.jar:6.1.14]
	at org.springframework.context.support.DefaultLifecycleProcessor$LifecycleGroup.start(DefaultLifecycleProcessor.java:472) ~[spring-context-6.1.14.jar:6.1.14]
	at java.base/java.lang.Iterable.forEach(Iterable.java:75) ~[na:na]
	at org.springframework.context.support.DefaultLifecycleProcessor.startBeans(DefaultLifecycleProcessor.java:257) ~[spring-context-6.1.14.jar:6.1.14]
	at org.springframework.context.support.DefaultLifecycleProcessor.onRefresh(DefaultLifecycleProcessor.java:202) ~[spring-context-6.1.14.jar:6.1.14]
	at org.springframework.context.support.AbstractApplicationContext.finishRefresh(AbstractApplicationContext.java:990) ~[spring-context-6.1.14.jar:6.1.14]
	at org.springframework.context.support.AbstractApplicationContext.refresh(AbstractApplicationContext.java:628) ~[spring-context-6.1.14.jar:6.1.14]
	at org.springframework.boot.web.servlet.context.ServletWebServerApplicationContext.refresh(ServletWebServerApplicationContext.java:146) ~[spring-boot-3.3.5.jar:3.3.5]
	at org.springframework.boot.SpringApplication.refresh(SpringApplication.java:754) ~[spring-boot-3.3.5.jar:3.3.5]
	at org.springframework.boot.SpringApplication.refreshContext(SpringApplication.java:456) ~[spring-boot-3.3.5.jar:3.3.5]
	at org.springframework.boot.SpringApplication.run(SpringApplication.java:335) ~[spring-boot-3.3.5.jar:3.3.5]
	at org.springframework.boot.SpringApplication.run(SpringApplication.java:1363) ~[spring-boot-3.3.5.jar:3.3.5]
	at org.springframework.boot.SpringApplication.run(SpringApplication.java:1352) ~[spring-boot-3.3.5.jar:3.3.5]
	at com.sayrain.medicalbooking.MedicalBookingApplication.main(MedicalBookingApplication.java:10) ~[classes/:na]
	at java.base/jdk.internal.reflect.NativeMethodAccessorImpl.invoke0(Native Method) ~[na:na]
	at java.base/jdk.internal.reflect.NativeMethodAccessorImpl.invoke(NativeMethodAccessorImpl.java:77) ~[na:na]
	at java.base/jdk.internal.reflect.DelegatingMethodAccessorImpl.invoke(DelegatingMethodAccessorImpl.java:43) ~[na:na]
	at java.base/java.lang.reflect.Method.invoke(Method.java:568) ~[na:na]
	at org.springframework.boot.devtools.restart.RestartLauncher.run(RestartLauncher.java:50) ~[spring-boot-devtools-3.3.5.jar:3.3.5]
Caused by: org.springframework.boot.web.server.WebServerException: Unable to start embedded Tomcat server
	at org.springframework.boot.web.embedded.tomcat.TomcatWebServer.start(TomcatWebServer.java:251) ~[spring-boot-3.3.5.jar:3.3.5]
	at org.springframework.boot.web.servlet.context.WebServerStartStopLifecycle.start(WebServerStartStopLifecycle.java:44) ~[spring-boot-3.3.5.jar:3.3.5]
	at org.springframework.context.support.DefaultLifecycleProcessor.doStart(DefaultLifecycleProcessor.java:285) ~[spring-context-6.1.14.jar:6.1.14]
	... 18 common frames omitted
Caused by: java.lang.IllegalArgumentException: standardService.connector.startFailed
	at org.apache.catalina.core.StandardService.addConnector(StandardService.java:222) ~[tomcat-embed-core-10.1.31.jar:10.1.31]
	at org.springframework.boot.web.embedded.tomcat.TomcatWebServer.addPreviouslyRemovedConnectors(TomcatWebServer.java:310) ~[spring-boot-3.3.5.jar:3.3.5]
	at org.springframework.boot.web.embedded.tomcat.TomcatWebServer.start(TomcatWebServer.java:236) ~[spring-boot-3.3.5.jar:3.3.5]
	... 20 common frames omitted
Caused by: org.apache.catalina.LifecycleException: Protocol handler start failed
	at org.apache.catalina.connector.Connector.startInternal(Connector.java:1061) ~[tomcat-embed-core-10.1.31.jar:10.1.31]
	at org.apache.catalina.util.LifecycleBase.start(LifecycleBase.java:164) ~[tomcat-embed-core-10.1.31.jar:10.1.31]
	at org.apache.catalina.core.StandardService.addConnector(StandardService.java:219) ~[tomcat-embed-core-10.1.31.jar:10.1.31]
	... 22 common frames omitted
Caused by: java.net.SocketException: Operation not permitted
	at java.base/sun.nio.ch.Net.bind0(Native Method) ~[na:na]
	at java.base/sun.nio.ch.Net.bind(Net.java:555) ~[na:na]
	at java.base/sun.nio.ch.ServerSocketChannelImpl.netBind(ServerSocketChannelImpl.java:337) ~[na:na]
	at java.base/sun.nio.ch.ServerSocketChannelImpl.bind(ServerSocketChannelImpl.java:294) ~[na:na]
	at org.apache.tomcat.util.net.NioEndpoint.initServerSocket(NioEndpoint.java:239) ~[tomcat-embed-core-10.1.31.jar:10.1.31]
	at org.apache.tomcat.util.net.NioEndpoint.bind(NioEndpoint.java:194) ~[tomcat-embed-core-10.1.31.jar:10.1.31]
	at org.apache.tomcat.util.net.AbstractEndpoint.bindWithCleanup(AbstractEndpoint.java:1304) ~[tomcat-embed-core-10.1.31.jar:10.1.31]
	at org.apache.tomcat.util.net.AbstractEndpoint.start(AbstractEndpoint.java:1390) ~[tomcat-embed-core-10.1.31.jar:10.1.31]
	at org.apache.coyote.AbstractProtocol.start(AbstractProtocol.java:644) ~[tomcat-embed-core-10.1.31.jar:10.1.31]
	at org.apache.catalina.connector.Connector.startInternal(Connector.java:1058) ~[tomcat-embed-core-10.1.31.jar:10.1.31]
	... 24 common frames omitted
2025-12-11 23:20:03 - c.a.n.c.r.client.grpc.GrpcClient - Server check fail, please check server 127.0.0.1 ,port 9848 is available , error ={}
java.util.concurrent.ExecutionException: com.alibaba.nacos.shaded.io.grpc.StatusRuntimeException: UNAVAILABLE: io exception
	at com.alibaba.nacos.shaded.com.google.common.util.concurrent.AbstractFuture.getDoneValue(AbstractFuture.java:592) ~[nacos-client-2.3.2.jar:na]
	at com.alibaba.nacos.shaded.com.google.common.util.concurrent.AbstractFuture.get(AbstractFuture.java:467) ~[nacos-client-2.3.2.jar:na]
	at com.alibaba.nacos.common.remote.client.grpc.GrpcClient.serverCheck(GrpcClient.java:243) ~[nacos-client-2.3.2.jar:na]
	at com.alibaba.nacos.common.remote.client.grpc.GrpcClient.connectToServer(GrpcClient.java:367) ~[nacos-client-2.3.2.jar:na]
	at com.alibaba.nacos.common.remote.client.RpcClient.reconnect(RpcClient.java:502) ~[nacos-client-2.3.2.jar:na]
	at com.alibaba.nacos.common.remote.client.RpcClient.lambda$start$1(RpcClient.java:329) ~[nacos-client-2.3.2.jar:na]
	at java.base/java.util.concurrent.Executors$RunnableAdapter.call(Executors.java:539) ~[na:na]
	at java.base/java.util.concurrent.FutureTask.run(FutureTask.java:264) ~[na:na]
	at java.base/java.util.concurrent.ScheduledThreadPoolExecutor$ScheduledFutureTask.run(ScheduledThreadPoolExecutor.java:304) ~[na:na]
	at java.base/java.util.concurrent.ThreadPoolExecutor.runWorker(ThreadPoolExecutor.java:1136) ~[na:na]
	at java.base/java.util.concurrent.ThreadPoolExecutor$Worker.run(ThreadPoolExecutor.java:635) ~[na:na]
	at java.base/java.lang.Thread.run(Thread.java:833) ~[na:na]
Caused by: com.alibaba.nacos.shaded.io.grpc.StatusRuntimeException: UNAVAILABLE: io exception
	at com.alibaba.nacos.shaded.io.grpc.Status.asRuntimeException(Status.java:537) ~[nacos-client-2.3.2.jar:na]
	at com.alibaba.nacos.shaded.io.grpc.stub.ClientCalls$UnaryStreamToFuture.onClose(ClientCalls.java:548) ~[nacos-client-2.3.2.jar:na]
	at com.alibaba.nacos.shaded.io.grpc.internal.DelayedClientCall$DelayedListener$3.run(DelayedClientCall.java:489) ~[nacos-client-2.3.2.jar:na]
	at com.alibaba.nacos.shaded.io.grpc.internal.DelayedClientCall$DelayedListener.delayOrExecute(DelayedClientCall.java:453) ~[nacos-client-2.3.2.jar:na]
	at com.alibaba.nacos.shaded.io.grpc.internal.DelayedClientCall$DelayedListener.onClose(DelayedClientCall.java:486) ~[nacos-client-2.3.2.jar:na]
	at com.alibaba.nacos.shaded.io.grpc.internal.ClientCallImpl.closeObserver(ClientCallImpl.java:567) ~[nacos-client-2.3.2.jar:na]
	at com.alibaba.nacos.shaded.io.grpc.internal.ClientCallImpl.access$300(ClientCallImpl.java:71) ~[nacos-client-2.3.2.jar:na]
	at com.alibaba.nacos.shaded.io.grpc.internal.ClientCallImpl$ClientStreamListenerImpl$1StreamClosed.runInternal(ClientCallImpl.java:735) ~[nacos-client-2.3.2.jar:na]
	at com.alibaba.nacos.shaded.io.grpc.internal.ClientCallImpl$ClientStreamListenerImpl$1StreamClosed.runInContext(ClientCallImpl.java:716) ~[nacos-client-2.3.2.jar:na]
	at com.alibaba.nacos.shaded.io.grpc.internal.ContextRunnable.run(ContextRunnable.java:37) ~[nacos-client-2.3.2.jar:na]
	at com.alibaba.nacos.shaded.io.grpc.internal.SerializingExecutor.run(SerializingExecutor.java:133) ~[nacos-client-2.3.2.jar:na]
	... 3 common frames omitted
Caused by: com.alibaba.nacos.shaded.io.grpc.netty.shaded.io.netty.channel.AbstractChannel$AnnotatedSocketException: Operation not permitted: /127.0.0.1:9848
Caused by: java.net.SocketException: Operation not permitted
	at java.base/sun.nio.ch.Net.connect0(Native Method) ~[na:na]
	at java.base/sun.nio.ch.Net.connect(Net.java:579) ~[na:na]
	at java.base/sun.nio.ch.Net.connect(Net.java:586) ~[na:na]
	at java.base/sun.nio.ch.SocketChannelImpl.connect(SocketChannelImpl.java:853) ~[na:na]
	at com.alibaba.nacos.shaded.io.grpc.netty.shaded.io.netty.util.internal.SocketUtils$3.run(SocketUtils.java:91) ~[nacos-client-2.3.2.jar:na]
	at com.alibaba.nacos.shaded.io.grpc.netty.shaded.io.netty.util.internal.SocketUtils$3.run(SocketUtils.java:88) ~[nacos-client-2.3.2.jar:na]
	at java.base/java.security.AccessController.doPrivileged(AccessController.java:569) ~[na:na]
	at com.alibaba.nacos.shaded.io.grpc.netty.shaded.io.netty.util.internal.SocketUtils.connect(SocketUtils.java:88) ~[nacos-client-2.3.2.jar:na]
	at com.alibaba.nacos.shaded.io.grpc.netty.shaded.io.netty.channel.socket.nio.NioSocketChannel.doConnect(NioSocketChannel.java:322) ~[nacos-client-2.3.2.jar:na]
	at com.alibaba.nacos.shaded.io.grpc.netty.shaded.io.netty.channel.nio.AbstractNioChannel$AbstractNioUnsafe.connect(AbstractNioChannel.java:248) ~[nacos-client-2.3.2.jar:na]
	at com.alibaba.nacos.shaded.io.grpc.netty.shaded.io.netty.channel.DefaultChannelPipeline$HeadContext.connect(DefaultChannelPipeline.java:1342) ~[nacos-client-2.3.2.jar:na]
	at com.alibaba.nacos.shaded.io.grpc.netty.shaded.io.netty.channel.AbstractChannelHandlerContext.invokeConnect(AbstractChannelHandlerContext.java:653) ~[nacos-client-2.3.2.jar:na]
	at com.alibaba.nacos.shaded.io.grpc.netty.shaded.io.netty.channel.AbstractChannelHandlerContext.connect(AbstractChannelHandlerContext.java:632) ~[nacos-client-2.3.2.jar:na]
	at com.alibaba.nacos.shaded.io.grpc.netty.shaded.io.netty.channel.ChannelDuplexHandler.connect(ChannelDuplexHandler.java:54) ~[nacos-client-2.3.2.jar:na]
	at com.alibaba.nacos.shaded.io.grpc.netty.shaded.io.grpc.netty.WriteBufferingAndExceptionHandler.connect(WriteBufferingAndExceptionHandler.java:157) ~[nacos-client-2.3.2.jar:na]
	at com.alibaba.nacos.shaded.io.grpc.netty.shaded.io.netty.channel.AbstractChannelHandlerContext.invokeConnect(AbstractChannelHandlerContext.java:655) ~[nacos-client-2.3.2.jar:na]
	at com.alibaba.nacos.shaded.io.grpc.netty.shaded.io.netty.channel.AbstractChannelHandlerContext.access$1000(AbstractChannelHandlerContext.java:61) ~[nacos-client-2.3.2.jar:na]
	at com.alibaba.nacos.shaded.io.grpc.netty.shaded.io.netty.channel.AbstractChannelHandlerContext$9.run(AbstractChannelHandlerContext.java:637) ~[nacos-client-2.3.2.jar:na]
	at com.alibaba.nacos.shaded.io.grpc.netty.shaded.io.netty.util.concurrent.AbstractEventExecutor.runTask(AbstractEventExecutor.java:174) ~[nacos-client-2.3.2.jar:na]
	at com.alibaba.nacos.shaded.io.grpc.netty.shaded.io.netty.util.concurrent.AbstractEventExecutor.safeExecute(AbstractEventExecutor.java:167) ~[nacos-client-2.3.2.jar:na]
	at com.alibaba.nacos.shaded.io.grpc.netty.shaded.io.netty.util.concurrent.SingleThreadEventExecutor.runAllTasks(SingleThreadEventExecutor.java:470) ~[nacos-client-2.3.2.jar:na]
	at com.alibaba.nacos.shaded.io.grpc.netty.shaded.io.netty.channel.nio.NioEventLoop.run(NioEventLoop.java:569) ~[nacos-client-2.3.2.jar:na]
	at com.alibaba.nacos.shaded.io.grpc.netty.shaded.io.netty.util.concurrent.SingleThreadEventExecutor$4.run(SingleThreadEventExecutor.java:997) ~[nacos-client-2.3.2.jar:na]
	at com.alibaba.nacos.shaded.io.grpc.netty.shaded.io.netty.util.internal.ThreadExecutorMap$2.run(ThreadExecutorMap.java:74) ~[nacos-client-2.3.2.jar:na]
	at com.alibaba.nacos.shaded.io.grpc.netty.shaded.io.netty.util.concurrent.FastThreadLocalRunnable.run(FastThreadLocalRunnable.java:30) ~[nacos-client-2.3.2.jar:na]
	at java.base/java.lang.Thread.run(Thread.java:833) ~[na:na]
2025-12-11 23:20:04 - c.a.nacos.common.notify.NotifyCenter - [NotifyCenter] Start destroying Publisher
2025-12-11 23:20:04 - c.a.nacos.common.notify.NotifyCenter - [NotifyCenter] Destruction of the end
2025-12-11 23:20:04 - c.a.n.c.http.HttpClientBeanHolder - [HttpClientBeanHolder] Start destroying common HttpClient
[INFO] ------------------------------------------------------------------------
[INFO] BUILD FAILURE
[INFO] ------------------------------------------------------------------------
[INFO] Total time:  13.898 s
[INFO] Finished at: 2025-12-11T23:20:04+08:00
[INFO] ------------------------------------------------------------------------
[ERROR] Failed to execute goal org.springframework.boot:spring-boot-maven-plugin:3.3.5:run (default-cli) on project medical-booking: Process terminated with exit code: 1 -> [Help 1]
[ERROR] 
[ERROR] To see the full stack trace of the errors, re-run Maven with the -e switch.
[ERROR] Re-run Maven using the -X switch to enable full debug logging.
[ERROR] 
[ERROR] For more information about the errors and possible solutions, please read the following articles:
[ERROR] [Help 1] http://cwiki.apache.org/confluence/display/MAVEN/MojoExecutionException
